_io,pos_x,pos_y,pos_z,frame,trial_num,block_num,practicing,left_right_hand,palm_back_hand,target_loc,distractor_loc,participant_id
<_io.BytesIO object at 0x000002A112DE7DB0>,0.4627862870693207,0.1682279258966446,0.17183426022529602,97025,3,1,True,Right,Front,Right,Centre,67
_io,pos_x,pos_y,pos_z,frame,trial_num,block_num,practicing,left_right_hand,palm_back_hand,target_loc,distractor_loc,participant_id
<_io.BytesIO object at 0x000002A112DE7F90>,0.4890620708465576,0.14311181008815765,0.2653200924396515,97025,3,1,True,Right,Front,Right,Centre,67
_io,pos_x,pos_y,pos_z,frame,trial_num,block_num,practicing,left_right_hand,palm_back_hand,target_loc,distractor_loc,participant_id
<_io.BytesIO object at 0x000002A112DE7720>,0.4248540699481964,0.14822256565093994,0.1888641119003296,97025,3,1,True,Right,Front,Right,Centre,67
_io,pos_x,pos_y,pos_z,frame,trial_num,block_num,practicing,left_right_hand,palm_back_hand,target_loc,distractor_loc,participant_id
<_io.BytesIO object at 0x000002A112DE7CC0>,0.44006961584091187,0.06895346939563751,0.22678549587726593,97025,3,1,True,Right,Front,Right,Centre,67
_io,pos_x,pos_y,pos_z,frame,trial_num,block_num,practicing,left_right_hand,palm_back_hand,target_loc,distractor_loc,participant_id
<_io.BytesIO object at 0x000002A112E82AE0>,0.429813414812088,0.10482728481292725,0.17026662826538086,97025,3,1,True,Right,Front,Right,Centre,67
<_io.BytesIO object at 0x000002A112E966D0>,0.4627862870693207,0.1682279258966446,0.17183426022529602,97026,3,1,True,Right,Front,Right,Centre,67
<_io.BytesIO object at 0x000002A112E960E0>,0.4890620708465576,0.14311181008815765,0.2653200924396515,97026,3,1,True,Right,Front,Right,Centre,67
<_io.BytesIO object at 0x000002A112E828B0>,0.4248540699481964,0.14822256565093994,0.1888641119003296,97026,3,1,True,Right,Front,Right,Centre,67
<_io.BytesIO object at 0x000002A112E82B80>,0.44006961584091187,0.06895346939563751,0.22678549587726593,97026,3,1,True,Right,Front,Right,Centre,67
<_io.BytesIO object at 0x000002A112E82220>,0.429813414812088,0.10482728481292725,0.17026662826538086,97026,3,1,True,Right,Front,Right,Centre,67
<_io.BytesIO object at 0x000002A112E82860>,0.4627862870693207,0.1682279258966446,0.17183426022529602,97027,3,1,True,Right,Front,Right,Centre,67
<_io.BytesIO object at 0x000002A112E82630>,0.4890620708465576,0.14311181008815765,0.2653200924396515,97027,3,1,True,Right,Front,Right,Centre,67
<_io.BytesIO object at 0x000002A112E82D60>,0.4248540699481964,0.14822256565093994,0.1888641119003296,97027,3,1,True,Right,Front,Right,Centre,67
<_io.BytesIO object at 0x000002A112E82360>,0.44006961584091187,0.06895346939563751,0.22678549587726593,97027,3,1,True,Right,Front,Right,Centre,67
<_io.BytesIO object at 0x000002A112E82220>,0.429813414812088,0.10482728481292725,0.17026662826538086,97027,3,1,True,Right,Front,Right,Centre,67
<_io.BytesIO object at 0x000002A112DE7D60>,0.4627862870693207,0.1682279258966446,0.17183426022529602,97028,3,1,True,Right,Front,Right,Centre,67
<_io.BytesIO object at 0x000002A112DE7310>,0.4890620708465576,0.14311181008815765,0.2653200924396515,97028,3,1,True,Right,Front,Right,Centre,67
<_io.BytesIO object at 0x000002A112E96F40>,0.4248540699481964,0.14822256565093994,0.1888641119003296,97028,3,1,True,Right,Front,Right,Centre,67
<_io.BytesIO object at 0x000002A112E96D10>,0.44006961584091187,0.06895346939563751,0.22678549587726593,97028,3,1,True,Right,Front,Right,Centre,67
<_io.BytesIO object at 0x000002A112E96180>,0.429813414812088,0.10482728481292725,0.17026662826538086,97028,3,1,True,Right,Front,Right,Centre,67
<_io.BytesIO object at 0x000002A112E96BD0>,0.4627862870693207,0.1682279258966446,0.17183426022529602,97029,3,1,True,Right,Front,Right,Centre,67
<_io.BytesIO object at 0x000002A112E96360>,0.4890620708465576,0.14311181008815765,0.2653200924396515,97029,3,1,True,Right,Front,Right,Centre,67
<_io.BytesIO object at 0x000002A112E96400>,0.4248540699481964,0.14822256565093994,0.1888641119003296,97029,3,1,True,Right,Front,Right,Centre,67
<_io.BytesIO object at 0x000002A112DE7590>,0.44006961584091187,0.06895346939563751,0.22678549587726593,97029,3,1,True,Right,Front,Right,Centre,67
<_io.BytesIO object at 0x000002A112DE75E0>,0.429813414812088,0.10482728481292725,0.17026662826538086,97029,3,1,True,Right,Front,Right,Centre,67
<_io.BytesIO object at 0x000002A112E969A0>,0.4627862870693207,0.1682279258966446,0.17183426022529602,97030,3,1,True,Right,Front,Right,Centre,67
<_io.BytesIO object at 0x000002A112E960E0>,0.4890620708465576,0.14311181008815765,0.2653200924396515,97030,3,1,True,Right,Front,Right,Centre,67
<_io.BytesIO object at 0x000002A112E96E00>,0.4248540699481964,0.14822256565093994,0.1888641119003296,97030,3,1,True,Right,Front,Right,Centre,67
<_io.BytesIO object at 0x000002A112E96F40>,0.44006961584091187,0.06895346939563751,0.22678549587726593,97030,3,1,True,Right,Front,Right,Centre,67
<_io.BytesIO object at 0x000002A112DE7040>,0.429813414812088,0.10482728481292725,0.17026662826538086,97030,3,1,True,Right,Front,Right,Centre,67
<_io.BytesIO object at 0x000002A112E82590>,0.4627862870693207,0.1682279258966446,0.17183426022529602,97031,3,1,True,Right,Front,Right,Centre,67
<_io.BytesIO object at 0x000002A112E82130>,0.4890620708465576,0.14311181008815765,0.2653200924396515,97031,3,1,True,Right,Front,Right,Centre,67
<_io.BytesIO object at 0x000002A112E82220>,0.4248540699481964,0.14822256565093994,0.1888641119003296,97031,3,1,True,Right,Front,Right,Centre,67
<_io.BytesIO object at 0x000002A112DE73B0>,0.44006961584091187,0.06895346939563751,0.22678549587726593,97031,3,1,True,Right,Front,Right,Centre,67
<_io.BytesIO object at 0x000002A112DE7CC0>,0.429813414812088,0.10482728481292725,0.17026662826538086,97031,3,1,True,Right,Front,Right,Centre,67
<_io.BytesIO object at 0x000002A112DE7E00>,0.4627862870693207,0.1682279258966446,0.17183426022529602,97032,3,1,True,Right,Front,Right,Centre,67
<_io.BytesIO object at 0x000002A112DE7F40>,0.4890620708465576,0.14311181008815765,0.2653200924396515,97032,3,1,True,Right,Front,Right,Centre,67
<_io.BytesIO object at 0x000002A112DE74A0>,0.4248540699481964,0.14822256565093994,0.1888641119003296,97032,3,1,True,Right,Front,Right,Centre,67
<_io.BytesIO object at 0x000002A112DE7CC0>,0.44006961584091187,0.06895346939563751,0.22678549587726593,97032,3,1,True,Right,Front,Right,Centre,67
<_io.BytesIO object at 0x000002A112E82EA0>,0.429813414812088,0.10482728481292725,0.17026662826538086,97032,3,1,True,Right,Front,Right,Centre,67
<_io.BytesIO object at 0x000002A112DE7950>,0.4627862870693207,0.1682279258966446,0.17183426022529602,97033,3,1,True,Right,Front,Right,Centre,67
<_io.BytesIO object at 0x000002A112DE7F40>,0.4890620708465576,0.14311181008815765,0.2653200924396515,97033,3,1,True,Right,Front,Right,Centre,67
<_io.BytesIO object at 0x000002A112DE7590>,0.4248540699481964,0.14822256565093994,0.1888641119003296,97033,3,1,True,Right,Front,Right,Centre,67
<_io.BytesIO object at 0x000002A112DE7770>,0.44006961584091187,0.06895346939563751,0.22678549587726593,97033,3,1,True,Right,Front,Right,Centre,67
<_io.BytesIO object at 0x000002A112E824F0>,0.429813414812088,0.10482728481292725,0.17026662826538086,97033,3,1,True,Right,Front,Right,Centre,67
<_io.BytesIO object at 0x000002A112E82220>,0.4627862870693207,0.1682279258966446,0.17183426022529602,97034,3,1,True,Right,Front,Right,Centre,67
<_io.BytesIO object at 0x000002A112E821D0>,0.4890620708465576,0.14311181008815765,0.2653200924396515,97034,3,1,True,Right,Front,Right,Centre,67
<_io.BytesIO object at 0x000002A112E82270>,0.4248540699481964,0.14822256565093994,0.1888641119003296,97034,3,1,True,Right,Front,Right,Centre,67
<_io.BytesIO object at 0x000002A112E82040>,0.44006961584091187,0.06895346939563751,0.22678549587726593,97034,3,1,True,Right,Front,Right,Centre,67
<_io.BytesIO object at 0x000002A112E82A40>,0.429813414812088,0.10482728481292725,0.17026662826538086,97034,3,1,True,Right,Front,Right,Centre,67
<_io.BytesIO object at 0x000002A112DE7360>,0.4627862870693207,0.1682279258966446,0.17183426022529602,97035,3,1,True,Right,Front,Right,Centre,67
<_io.BytesIO object at 0x000002A112DE7590>,0.4890620708465576,0.14311181008815765,0.2653200924396515,97035,3,1,True,Right,Front,Right,Centre,67
<_io.BytesIO object at 0x000002A112E82540>,0.4248540699481964,0.14822256565093994,0.1888641119003296,97035,3,1,True,Right,Front,Right,Centre,67
<_io.BytesIO object at 0x000002A112E82EF0>,0.44006961584091187,0.06895346939563751,0.22678549587726593,97035,3,1,True,Right,Front,Right,Centre,67
<_io.BytesIO object at 0x000002A112E825E0>,0.429813414812088,0.10482728481292725,0.17026662826538086,97035,3,1,True,Right,Front,Right,Centre,67
<_io.BytesIO object at 0x000002A112E82270>,0.4627862870693207,0.1682279258966446,0.17183426022529602,97036,3,1,True,Right,Front,Right,Centre,67
<_io.BytesIO object at 0x000002A112E827C0>,0.4890620708465576,0.14311181008815765,0.2653200924396515,97036,3,1,True,Right,Front,Right,Centre,67
<_io.BytesIO object at 0x000002A112E82BD0>,0.4248540699481964,0.14822256565093994,0.1888641119003296,97036,3,1,True,Right,Front,Right,Centre,67
<_io.BytesIO object at 0x000002A112E82950>,0.44006961584091187,0.06895346939563751,0.22678549587726593,97036,3,1,True,Right,Front,Right,Centre,67
<_io.BytesIO object at 0x000002A112E826D0>,0.429813414812088,0.10482728481292725,0.17026662826538086,97036,3,1,True,Right,Front,Right,Centre,67
<_io.BytesIO object at 0x000002A112DE7EA0>,0.4627862870693207,0.1682279258966446,0.17183426022529602,97037,3,1,True,Right,Front,Right,Centre,67
<_io.BytesIO object at 0x000002A112DE7860>,0.4890620708465576,0.14311181008815765,0.2653200924396515,97037,3,1,True,Right,Front,Right,Centre,67
<_io.BytesIO object at 0x000002A112E82770>,0.4248540699481964,0.14822256565093994,0.1888641119003296,97037,3,1,True,Right,Front,Right,Centre,67
<_io.BytesIO object at 0x000002A112E82450>,0.44006961584091187,0.06895346939563751,0.22678549587726593,97037,3,1,True,Right,Front,Right,Centre,67
<_io.BytesIO object at 0x000002A112E824A0>,0.429813414812088,0.10482728481292725,0.17026662826538086,97037,3,1,True,Right,Front,Right,Centre,67
<_io.BytesIO object at 0x000002A112E82270>,0.4627862870693207,0.1682279258966446,0.17183426022529602,97038,3,1,True,Right,Front,Right,Centre,67
<_io.BytesIO object at 0x000002A112E82A40>,0.4890620708465576,0.14311181008815765,0.2653200924396515,97038,3,1,True,Right,Front,Right,Centre,67
<_io.BytesIO object at 0x000002A112E824F0>,0.4248540699481964,0.14822256565093994,0.1888641119003296,97038,3,1,True,Right,Front,Right,Centre,67
<_io.BytesIO object at 0x000002A112E82180>,0.44006961584091187,0.06895346939563751,0.22678549587726593,97038,3,1,True,Right,Front,Right,Centre,67
<_io.BytesIO object at 0x000002A112E82F90>,0.429813414812088,0.10482728481292725,0.17026662826538086,97038,3,1,True,Right,Front,Right,Centre,67
<_io.BytesIO object at 0x000002A112E82220>,0.4627862870693207,0.1682279258966446,0.17183426022529602,97039,3,1,True,Right,Front,Right,Centre,67
<_io.BytesIO object at 0x000002A112E821D0>,0.4890620708465576,0.14311181008815765,0.2653200924396515,97039,3,1,True,Right,Front,Right,Centre,67
<_io.BytesIO object at 0x000002A112E827C0>,0.4248540699481964,0.14822256565093994,0.1888641119003296,97039,3,1,True,Right,Front,Right,Centre,67
<_io.BytesIO object at 0x000002A112E82D60>,0.44006961584091187,0.06895346939563751,0.22678549587726593,97039,3,1,True,Right,Front,Right,Centre,67
<_io.BytesIO object at 0x000002A112E82180>,0.429813414812088,0.10482728481292725,0.17026662826538086,97039,3,1,True,Right,Front,Right,Centre,67
<_io.BytesIO object at 0x000002A112E82680>,0.4627862870693207,0.1682279258966446,0.17183426022529602,97040,3,1,True,Right,Front,Right,Centre,67
<_io.BytesIO object at 0x000002A112E82310>,0.4890620708465576,0.14311181008815765,0.2653200924396515,97040,3,1,True,Right,Front,Right,Centre,67
<_io.BytesIO object at 0x000002A112E82B30>,0.4248540699481964,0.14822256565093994,0.1888641119003296,97040,3,1,True,Right,Front,Right,Centre,67
<_io.BytesIO object at 0x000002A112E827C0>,0.44006961584091187,0.06895346939563751,0.22678549587726593,97040,3,1,True,Right,Front,Right,Centre,67
<_io.BytesIO object at 0x000002A112E82270>,0.429813414812088,0.10482728481292725,0.17026662826538086,97040,3,1,True,Right,Front,Right,Centre,67
<_io.BytesIO object at 0x000002A112E82180>,0.4627862870693207,0.1682279258966446,0.17183426022529602,97041,3,1,True,Right,Front,Right,Centre,67
<_io.BytesIO object at 0x000002A112E82CC0>,0.4890620708465576,0.14311181008815765,0.2653200924396515,97041,3,1,True,Right,Front,Right,Centre,67
<_io.BytesIO object at 0x000002A112E824A0>,0.4248540699481964,0.14822256565093994,0.1888641119003296,97041,3,1,True,Right,Front,Right,Centre,67
<_io.BytesIO object at 0x000002A112E828B0>,0.44006961584091187,0.06895346939563751,0.22678549587726593,97041,3,1,True,Right,Front,Right,Centre,67
<_io.BytesIO object at 0x000002A112DE7DB0>,0.429813414812088,0.10482728481292725,0.17026662826538086,97041,3,1,True,Right,Front,Right,Centre,67
<_io.BytesIO object at 0x000002A112DE7590>,0.4627862870693207,0.1682279258966446,0.17183426022529602,97042,3,1,True,Right,Front,Right,Centre,67
<_io.BytesIO object at 0x000002A112DE7AE0>,0.4890620708465576,0.14311181008815765,0.2653200924396515,97042,3,1,True,Right,Front,Right,Centre,67
<_io.BytesIO object at 0x000002A112DE7EF0>,0.4248540699481964,0.14822256565093994,0.1888641119003296,97042,3,1,True,Right,Front,Right,Centre,67
<_io.BytesIO object at 0x000002A112DE79F0>,0.44006961584091187,0.06895346939563751,0.22678549587726593,97042,3,1,True,Right,Front,Right,Centre,67
<_io.BytesIO object at 0x000002A112E82860>,0.429813414812088,0.10482728481292725,0.17026662826538086,97042,3,1,True,Right,Front,Right,Centre,67
<_io.BytesIO object at 0x000002A112E82720>,0.4627862870693207,0.1682279258966446,0.17183426022529602,97043,3,1,True,Right,Front,Right,Centre,67
<_io.BytesIO object at 0x000002A112E82040>,0.4890620708465576,0.14311181008815765,0.2653200924396515,97043,3,1,True,Right,Front,Right,Centre,67
<_io.BytesIO object at 0x000002A112E822C0>,0.4248540699481964,0.14822256565093994,0.1888641119003296,97043,3,1,True,Right,Front,Right,Centre,67
<_io.BytesIO object at 0x000002A112E82DB0>,0.44006961584091187,0.06895346939563751,0.22678549587726593,97043,3,1,True,Right,Front,Right,Centre,67
<_io.BytesIO object at 0x000002A112E829A0>,0.429813414812088,0.10482728481292725,0.17026662826538086,97043,3,1,True,Right,Front,Right,Centre,67
<_io.BytesIO object at 0x000002A112E828B0>,0.4627862870693207,0.1682279258966446,0.17183426022529602,97044,3,1,True,Right,Front,Right,Centre,67
<_io.BytesIO object at 0x000002A112E82040>,0.4890620708465576,0.14311181008815765,0.2653200924396515,97044,3,1,True,Right,Front,Right,Centre,67
<_io.BytesIO object at 0x000002A112E827C0>,0.4248540699481964,0.14822256565093994,0.1888641119003296,97044,3,1,True,Right,Front,Right,Centre,67
<_io.BytesIO object at 0x000002A112E82F40>,0.44006961584091187,0.06895346939563751,0.22678549587726593,97044,3,1,True,Right,Front,Right,Centre,67
<_io.BytesIO object at 0x000002A112DE7590>,0.429813414812088,0.10482728481292725,0.17026662826538086,97044,3,1,True,Right,Front,Right,Centre,67
<_io.BytesIO object at 0x000002A112DE76D0>,0.4627862870693207,0.1682279258966446,0.17183426022529602,97045,3,1,True,Right,Front,Right,Centre,67
<_io.BytesIO object at 0x000002A112DE7630>,0.4890620708465576,0.14311181008815765,0.2653200924396515,97045,3,1,True,Right,Front,Right,Centre,67
<_io.BytesIO object at 0x000002A112DE7EF0>,0.4248540699481964,0.14822256565093994,0.1888641119003296,97045,3,1,True,Right,Front,Right,Centre,67
<_io.BytesIO object at 0x000002A112DE7B30>,0.44006961584091187,0.06895346939563751,0.22678549587726593,97045,3,1,True,Right,Front,Right,Centre,67
<_io.BytesIO object at 0x000002A112E82130>,0.429813414812088,0.10482728481292725,0.17026662826538086,97045,3,1,True,Right,Front,Right,Centre,67
<_io.BytesIO object at 0x000002A112E969F0>,0.4627862870693207,0.1682279258966446,0.17183426022529602,97046,3,1,True,Right,Front,Right,Centre,67
<_io.BytesIO object at 0x000002A112E960E0>,0.4890620708465576,0.14311181008815765,0.2653200924396515,97046,3,1,True,Right,Front,Right,Centre,67
<_io.BytesIO object at 0x000002A112E963B0>,0.4248540699481964,0.14822256565093994,0.1888641119003296,97046,3,1,True,Right,Front,Right,Centre,67
<_io.BytesIO object at 0x000002A112E96400>,0.44006961584091187,0.06895346939563751,0.22678549587726593,97046,3,1,True,Right,Front,Right,Centre,67
<_io.BytesIO object at 0x000002A112E96A40>,0.429813414812088,0.10482728481292725,0.17026662826538086,97046,3,1,True,Right,Front,Right,Centre,67
<_io.BytesIO object at 0x000002A112E82180>,0.4627862870693207,0.1682279258966446,0.17183426022529602,97047,3,1,True,Right,Front,Right,Centre,67
<_io.BytesIO object at 0x000002A112E82270>,0.4890620708465576,0.14311181008815765,0.2653200924396515,97047,3,1,True,Right,Front,Right,Centre,67
<_io.BytesIO object at 0x000002A112E82090>,0.4248540699481964,0.14822256565093994,0.1888641119003296,97047,3,1,True,Right,Front,Right,Centre,67
<_io.BytesIO object at 0x000002A112E827C0>,0.44006961584091187,0.06895346939563751,0.22678549587726593,97047,3,1,True,Right,Front,Right,Centre,67
<_io.BytesIO object at 0x000002A112E82F90>,0.429813414812088,0.10482728481292725,0.17026662826538086,97047,3,1,True,Right,Front,Right,Centre,67
<_io.BytesIO object at 0x000002A112E828B0>,0.4627862870693207,0.1682279258966446,0.17183426022529602,97048,3,1,True,Right,Front,Right,Centre,67
<_io.BytesIO object at 0x000002A112E82DB0>,0.4890620708465576,0.14311181008815765,0.2653200924396515,97048,3,1,True,Right,Front,Right,Centre,67
<_io.BytesIO object at 0x000002A112E827C0>,0.4248540699481964,0.14822256565093994,0.1888641119003296,97048,3,1,True,Right,Front,Right,Centre,67
<_io.BytesIO object at 0x000002A112E825E0>,0.44006961584091187,0.06895346939563751,0.22678549587726593,97048,3,1,True,Right,Front,Right,Centre,67
<_io.BytesIO object at 0x000002A112E96A40>,0.429813414812088,0.10482728481292725,0.17026662826538086,97048,3,1,True,Right,Front,Right,Centre,67
<_io.BytesIO object at 0x000002A112E96630>,0.4627862870693207,0.1682279258966446,0.17183426022529602,97049,3,1,True,Right,Front,Right,Centre,67
<_io.BytesIO object at 0x000002A112E965E0>,0.4890620708465576,0.14311181008815765,0.2653200924396515,97049,3,1,True,Right,Front,Right,Centre,67
<_io.BytesIO object at 0x000002A112E96310>,0.4248540699481964,0.14822256565093994,0.1888641119003296,97049,3,1,True,Right,Front,Right,Centre,67
<_io.BytesIO object at 0x000002A112E96180>,0.44006961584091187,0.06895346939563751,0.22678549587726593,97049,3,1,True,Right,Front,Right,Centre,67
<_io.BytesIO object at 0x000002A112E820E0>,0.429813414812088,0.10482728481292725,0.17026662826538086,97049,3,1,True,Right,Front,Right,Centre,67
<_io.BytesIO object at 0x000002A112DE7D10>,0.4627862870693207,0.1682279258966446,0.17183426022529602,97050,3,1,True,Right,Front,Right,Centre,67
<_io.BytesIO object at 0x000002A112DE76D0>,0.4890620708465576,0.14311181008815765,0.2653200924396515,97050,3,1,True,Right,Front,Right,Centre,67
<_io.BytesIO object at 0x000002A112DE79A0>,0.4248540699481964,0.14822256565093994,0.1888641119003296,97050,3,1,True,Right,Front,Right,Centre,67
<_io.BytesIO object at 0x000002A112DE79F0>,0.44006961584091187,0.06895346939563751,0.22678549587726593,97050,3,1,True,Right,Front,Right,Centre,67
<_io.BytesIO object at 0x000002A112E828B0>,0.429813414812088,0.10482728481292725,0.17026662826538086,97050,3,1,True,Right,Front,Right,Centre,67
<_io.BytesIO object at 0x000002A112E82AE0>,0.4627862870693207,0.1682279258966446,0.17183426022529602,97051,3,1,True,Right,Front,Right,Centre,67
<_io.BytesIO object at 0x000002A112E82590>,0.4890620708465576,0.14311181008815765,0.2653200924396515,97051,3,1,True,Right,Front,Right,Centre,67
<_io.BytesIO object at 0x000002A112E82540>,0.4248540699481964,0.14822256565093994,0.1888641119003296,97051,3,1,True,Right,Front,Right,Centre,67
<_io.BytesIO object at 0x000002A112E82040>,0.44006961584091187,0.06895346939563751,0.22678549587726593,97051,3,1,True,Right,Front,Right,Centre,67
<_io.BytesIO object at 0x000002A112E82CC0>,0.429813414812088,0.10482728481292725,0.17026662826538086,97051,3,1,True,Right,Front,Right,Centre,67
<_io.BytesIO object at 0x000002A112E9B9F0>,0.4627862870693207,0.1682279258966446,0.17183426022529602,97052,3,1,True,Right,Front,Right,Centre,67
<_io.BytesIO object at 0x000002A112E9B450>,0.4890620708465576,0.14311181008815765,0.2653200924396515,97052,3,1,True,Right,Front,Right,Centre,67
<_io.BytesIO object at 0x000002A112E9B900>,0.4248540699481964,0.14822256565093994,0.1888641119003296,97052,3,1,True,Right,Front,Right,Centre,67
<_io.BytesIO object at 0x000002A112E9B860>,0.44006961584091187,0.06895346939563751,0.22678549587726593,97052,3,1,True,Right,Front,Right,Centre,67
<_io.BytesIO object at 0x000002A112E9B180>,0.429813414812088,0.10482728481292725,0.17026662826538086,97052,3,1,True,Right,Front,Right,Centre,67
<_io.BytesIO object at 0x000002A112DDF400>,0.4627862870693207,0.1682279258966446,0.17183426022529602,97053,3,1,True,Right,Front,Right,Centre,67
<_io.BytesIO object at 0x000002A112DDF630>,0.4890620708465576,0.14311181008815765,0.2653200924396515,97053,3,1,True,Right,Front,Right,Centre,67
<_io.BytesIO object at 0x000002A112DDF810>,0.4248540699481964,0.14822256565093994,0.1888641119003296,97053,3,1,True,Right,Front,Right,Centre,67
<_io.BytesIO object at 0x000002A112DDF9F0>,0.44006961584091187,0.06895346939563751,0.22678549587726593,97053,3,1,True,Right,Front,Right,Centre,67
<_io.BytesIO object at 0x000002A112DDFBD0>,0.429813414812088,0.10482728481292725,0.17026662826538086,97053,3,1,True,Right,Front,Right,Centre,67
<_io.BytesIO object at 0x000002A112DC8D60>,0.4627862870693207,0.1682279258966446,0.17183426022529602,97054,3,1,True,Right,Front,Right,Centre,67
<_io.BytesIO object at 0x000002A112DC8F90>,0.4890620708465576,0.14311181008815765,0.2653200924396515,97054,3,1,True,Right,Front,Right,Centre,67
<_io.BytesIO object at 0x000002A112DEA1D0>,0.4248540699481964,0.14822256565093994,0.1888641119003296,97054,3,1,True,Right,Front,Right,Centre,67
<_io.BytesIO object at 0x000002A112DEA3B0>,0.44006961584091187,0.06895346939563751,0.22678549587726593,97054,3,1,True,Right,Front,Right,Centre,67
<_io.BytesIO object at 0x000002A112DEA590>,0.429813414812088,0.10482728481292725,0.17026662826538086,97054,3,1,True,Right,Front,Right,Centre,67
<_io.BytesIO object at 0x000002A112DD34A0>,0.4627862870693207,0.1682279258966446,0.17183426022529602,97055,3,1,True,Right,Front,Right,Centre,67
<_io.BytesIO object at 0x000002A112DD3220>,0.4890620708465576,0.14311181008815765,0.2653200924396515,97055,3,1,True,Right,Front,Right,Centre,67
<_io.BytesIO object at 0x000002A112EB6040>,0.4248540699481964,0.14822256565093994,0.1888641119003296,97055,3,1,True,Right,Front,Right,Centre,67
<_io.BytesIO object at 0x000002A112EB61D0>,0.44006961584091187,0.06895346939563751,0.22678549587726593,97055,3,1,True,Right,Front,Right,Centre,67
<_io.BytesIO object at 0x000002A112EB6400>,0.429813414812088,0.10482728481292725,0.17026662826538086,97055,3,1,True,Right,Front,Right,Centre,67
<_io.BytesIO object at 0x000002A112E9BEA0>,0.4627862870693207,0.1682279258966446,0.17183426022529602,97056,3,1,True,Right,Front,Right,Centre,67
<_io.BytesIO object at 0x000002A112E9B810>,0.4890620708465576,0.14311181008815765,0.2653200924396515,97056,3,1,True,Right,Front,Right,Centre,67
<_io.BytesIO object at 0x000002A112E9B540>,0.4248540699481964,0.14822256565093994,0.1888641119003296,97056,3,1,True,Right,Front,Right,Centre,67
<_io.BytesIO object at 0x000002A112E9BF90>,0.44006961584091187,0.06895346939563751,0.22678549587726593,97056,3,1,True,Right,Front,Right,Centre,67
<_io.BytesIO object at 0x000002A112E9B090>,0.429813414812088,0.10482728481292725,0.17026662826538086,97056,3,1,True,Right,Front,Right,Centre,67
<_io.BytesIO object at 0x000002A112E82860>,0.4627862870693207,0.1682279258966446,0.17183426022529602,97057,3,1,True,Right,Front,Right,Centre,67
<_io.BytesIO object at 0x000002A112E826D0>,0.4890620708465576,0.14311181008815765,0.2653200924396515,97057,3,1,True,Right,Front,Right,Centre,67
<_io.BytesIO object at 0x000002A112E82590>,0.4248540699481964,0.14822256565093994,0.1888641119003296,97057,3,1,True,Right,Front,Right,Centre,67
<_io.BytesIO object at 0x000002A112E82090>,0.44006961584091187,0.06895346939563751,0.22678549587726593,97057,3,1,True,Right,Front,Right,Centre,67
<_io.BytesIO object at 0x000002A112E82DB0>,0.429813414812088,0.10482728481292725,0.17026662826538086,97057,3,1,True,Right,Front,Right,Centre,67
<_io.BytesIO object at 0x000002A112DE4A40>,0.4627862870693207,0.1682279258966446,0.17183426022529602,97058,3,1,True,Right,Front,Right,Centre,67
<_io.BytesIO object at 0x000002A112DE4810>,0.4890620708465576,0.14311181008815765,0.2653200924396515,97058,3,1,True,Right,Front,Right,Centre,67
<_io.BytesIO object at 0x000002A112DE45E0>,0.4248540699481964,0.14822256565093994,0.1888641119003296,97058,3,1,True,Right,Front,Right,Centre,67
<_io.BytesIO object at 0x000002A112DE4310>,0.44006961584091187,0.06895346939563751,0.22678549587726593,97058,3,1,True,Right,Front,Right,Centre,67
<_io.BytesIO object at 0x000002A112DE4130>,0.429813414812088,0.10482728481292725,0.17026662826538086,97058,3,1,True,Right,Front,Right,Centre,67
<_io.BytesIO object at 0x000002A112E98C70>,0.4627862870693207,0.1682279258966446,0.17183426022529602,97059,3,1,True,Right,Front,Right,Centre,67
<_io.BytesIO object at 0x000002A112E98CC0>,0.4890620708465576,0.14311181008815765,0.2653200924396515,97059,3,1,True,Right,Front,Right,Centre,67
<_io.BytesIO object at 0x000002A112E983B0>,0.4248540699481964,0.14822256565093994,0.1888641119003296,97059,3,1,True,Right,Front,Right,Centre,67
<_io.BytesIO object at 0x000002A112E98A90>,0.44006961584091187,0.06895346939563751,0.22678549587726593,97059,3,1,True,Right,Front,Right,Centre,67
<_io.BytesIO object at 0x000002A112E984A0>,0.429813414812088,0.10482728481292725,0.17026662826538086,97059,3,1,True,Right,Front,Right,Centre,67
<_io.BytesIO object at 0x000002A112EB6630>,0.4627862870693207,0.1682279258966446,0.17183426022529602,97060,3,1,True,Right,Front,Right,Centre,67
<_io.BytesIO object at 0x000002A112EB6B30>,0.4890620708465576,0.14311181008815765,0.2653200924396515,97060,3,1,True,Right,Front,Right,Centre,67
<_io.BytesIO object at 0x000002A112EB6310>,0.4248540699481964,0.14822256565093994,0.1888641119003296,97060,3,1,True,Right,Front,Right,Centre,67
<_io.BytesIO object at 0x000002A112EB69A0>,0.44006961584091187,0.06895346939563751,0.22678549587726593,97060,3,1,True,Right,Front,Right,Centre,67
<_io.BytesIO object at 0x000002A112EB6A90>,0.429813414812088,0.10482728481292725,0.17026662826538086,97060,3,1,True,Right,Front,Right,Centre,67
<_io.BytesIO object at 0x000002A112DD7B30>,0.4627862870693207,0.1682279258966446,0.17183426022529602,97061,3,1,True,Right,Front,Right,Centre,67
<_io.BytesIO object at 0x000002A112DD7D60>,0.4890620708465576,0.14311181008815765,0.2653200924396515,97061,3,1,True,Right,Front,Right,Centre,67
<_io.BytesIO object at 0x000002A112DD7F40>,0.4248540699481964,0.14822256565093994,0.1888641119003296,97061,3,1,True,Right,Front,Right,Centre,67
<_io.BytesIO object at 0x000002A112DC4180>,0.44006961584091187,0.06895346939563751,0.22678549587726593,97061,3,1,True,Right,Front,Right,Centre,67
<_io.BytesIO object at 0x000002A112DC4360>,0.429813414812088,0.10482728481292725,0.17026662826538086,97061,3,1,True,Right,Front,Right,Centre,67
<_io.BytesIO object at 0x000002A112DDD770>,0.4627862870693207,0.1682279258966446,0.17183426022529602,97062,3,1,True,Right,Front,Right,Centre,67
<_io.BytesIO object at 0x000002A112DDD4A0>,0.4890620708465576,0.14311181008815765,0.2653200924396515,97062,3,1,True,Right,Front,Right,Centre,67
<_io.BytesIO object at 0x000002A112DDD220>,0.4248540699481964,0.14822256565093994,0.1888641119003296,97062,3,1,True,Right,Front,Right,Centre,67
<_io.BytesIO object at 0x000002A112DDD310>,0.44006961584091187,0.06895346939563751,0.22678549587726593,97062,3,1,True,Right,Front,Right,Centre,67
<_io.BytesIO object at 0x000002A112EB6C20>,0.429813414812088,0.10482728481292725,0.17026662826538086,97062,3,1,True,Right,Front,Right,Centre,67
<_io.BytesIO object at 0x000002A112E9BE50>,0.4627862870693207,0.1682279258966446,0.17183426022529602,97063,3,1,True,Right,Front,Right,Centre,67
<_io.BytesIO object at 0x000002A112E9B680>,0.4890620708465576,0.14311181008815765,0.2653200924396515,97063,3,1,True,Right,Front,Right,Centre,67
<_io.BytesIO object at 0x000002A112E9BEF0>,0.4248540699481964,0.14822256565093994,0.1888641119003296,97063,3,1,True,Right,Front,Right,Centre,67
<_io.BytesIO object at 0x000002A112E9B040>,0.44006961584091187,0.06895346939563751,0.22678549587726593,97063,3,1,True,Right,Front,Right,Centre,67
<_io.BytesIO object at 0x000002A112E9B4A0>,0.429813414812088,0.10482728481292725,0.17026662826538086,97063,3,1,True,Right,Front,Right,Centre,67
<_io.BytesIO object at 0x000002A112E82130>,0.4627862870693207,0.1682279258966446,0.17183426022529602,97064,3,1,True,Right,Front,Right,Centre,67
<_io.BytesIO object at 0x000002A112E82400>,0.4890620708465576,0.14311181008815765,0.2653200924396515,97064,3,1,True,Right,Front,Right,Centre,67
<_io.BytesIO object at 0x000002A112E82450>,0.4248540699481964,0.14822256565093994,0.1888641119003296,97064,3,1,True,Right,Front,Right,Centre,67
<_io.BytesIO object at 0x000002A112E82860>,0.44006961584091187,0.06895346939563751,0.22678549587726593,97064,3,1,True,Right,Front,Right,Centre,67
<_io.BytesIO object at 0x000002A112E829A0>,0.429813414812088,0.10482728481292725,0.17026662826538086,97064,3,1,True,Right,Front,Right,Centre,67
<_io.BytesIO object at 0x000002A112DD3F40>,0.4627862870693207,0.1682279258966446,0.17183426022529602,97065,3,1,True,Right,Front,Right,Centre,67
<_io.BytesIO object at 0x000002A112DD3EA0>,0.4890620708465576,0.14311181008815765,0.2653200924396515,97065,3,1,True,Right,Front,Right,Centre,67
<_io.BytesIO object at 0x000002A112DD39F0>,0.4248540699481964,0.14822256565093994,0.1888641119003296,97065,3,1,True,Right,Front,Right,Centre,67
<_io.BytesIO object at 0x000002A112DD3770>,0.44006961584091187,0.06895346939563751,0.22678549587726593,97065,3,1,True,Right,Front,Right,Centre,67
<_io.BytesIO object at 0x000002A112DD34F0>,0.429813414812088,0.10482728481292725,0.17026662826538086,97065,3,1,True,Right,Front,Right,Centre,67
<_io.BytesIO object at 0x000002A112E96310>,0.4627862870693207,0.1682279258966446,0.17183426022529602,97066,3,1,True,Right,Front,Right,Centre,67
<_io.BytesIO object at 0x000002A112E968B0>,0.4890620708465576,0.14311181008815765,0.2653200924396515,97066,3,1,True,Right,Front,Right,Centre,67
<_io.BytesIO object at 0x000002A112E962C0>,0.4248540699481964,0.14822256565093994,0.1888641119003296,97066,3,1,True,Right,Front,Right,Centre,67
<_io.BytesIO object at 0x000002A112E96A40>,0.44006961584091187,0.06895346939563751,0.22678549587726593,97066,3,1,True,Right,Front,Right,Centre,67
<_io.BytesIO object at 0x000002A112E96540>,0.429813414812088,0.10482728481292725,0.17026662826538086,97066,3,1,True,Right,Front,Right,Centre,67
<_io.BytesIO object at 0x000002A17F3452C0>,0.4627862870693207,0.1682279258966446,0.17183426022529602,97067,3,1,True,Right,Front,Right,Centre,67
<_io.BytesIO object at 0x000002A17F345400>,0.4890620708465576,0.14311181008815765,0.2653200924396515,97067,3,1,True,Right,Front,Right,Centre,67
<_io.BytesIO object at 0x000002A112EB7DB0>,0.4248540699481964,0.14822256565093994,0.1888641119003296,97067,3,1,True,Right,Front,Right,Centre,67
<_io.BytesIO object at 0x000002A112EB7540>,0.44006961584091187,0.06895346939563751,0.22678549587726593,97067,3,1,True,Right,Front,Right,Centre,67
<_io.BytesIO object at 0x000002A112EB7CC0>,0.429813414812088,0.10482728481292725,0.17026662826538086,97067,3,1,True,Right,Front,Right,Centre,67
<_io.BytesIO object at 0x000002A112DEA860>,0.4627862870693207,0.1682279258966446,0.17183426022529602,97068,3,1,True,Right,Front,Right,Centre,67
<_io.BytesIO object at 0x000002A112DEA590>,0.4890620708465576,0.14311181008815765,0.2653200924396515,97068,3,1,True,Right,Front,Right,Centre,67
<_io.BytesIO object at 0x000002A112DEAE50>,0.4248540699481964,0.14822256565093994,0.1888641119003296,97068,3,1,True,Right,Front,Right,Centre,67
<_io.BytesIO object at 0x000002A112DEAA40>,0.44006961584091187,0.06895346939563751,0.22678549587726593,97068,3,1,True,Right,Front,Right,Centre,67
<_io.BytesIO object at 0x000002A112DE6B80>,0.429813414812088,0.10482728481292725,0.17026662826538086,97068,3,1,True,Right,Front,Right,Centre,67
<_io.BytesIO object at 0x000002A112DEA310>,0.4627862870693207,0.1682279258966446,0.17183426022529602,97069,3,1,True,Right,Front,Right,Centre,67
<_io.BytesIO object at 0x000002A112DEAF40>,0.4890620708465576,0.14311181008815765,0.2653200924396515,97069,3,1,True,Right,Front,Right,Centre,67
<_io.BytesIO object at 0x000002A112DEA900>,0.4248540699481964,0.14822256565093994,0.1888641119003296,97069,3,1,True,Right,Front,Right,Centre,67
<_io.BytesIO object at 0x000002A112DDDD60>,0.44006961584091187,0.06895346939563751,0.22678549587726593,97069,3,1,True,Right,Front,Right,Centre,67
<_io.BytesIO object at 0x000002A112DDDF40>,0.429813414812088,0.10482728481292725,0.17026662826538086,97069,3,1,True,Right,Front,Right,Centre,67
<_io.BytesIO object at 0x000002A113035EF0>,0.4627862870693207,0.1682279258966446,0.17183426022529602,97070,3,1,True,Right,Front,Right,Centre,67
<_io.BytesIO object at 0x000002A113035B80>,0.4890620708465576,0.14311181008815765,0.2653200924396515,97070,3,1,True,Right,Front,Right,Centre,67
<_io.BytesIO object at 0x000002A113035860>,0.4248540699481964,0.14822256565093994,0.1888641119003296,97070,3,1,True,Right,Front,Right,Centre,67
<_io.BytesIO object at 0x000002A1130358B0>,0.44006961584091187,0.06895346939563751,0.22678549587726593,97070,3,1,True,Right,Front,Right,Centre,67
<_io.BytesIO object at 0x000002A1130359F0>,0.429813414812088,0.10482728481292725,0.17026662826538086,97070,3,1,True,Right,Front,Right,Centre,67
<_io.BytesIO object at 0x000002A112DE7630>,0.4627862870693207,0.1682279258966446,0.17183426022529602,97071,3,1,True,Right,Front,Right,Centre,67
<_io.BytesIO object at 0x000002A112DE7B80>,0.4890620708465576,0.14311181008815765,0.2653200924396515,97071,3,1,True,Right,Front,Right,Centre,67
<_io.BytesIO object at 0x000002A112DE7770>,0.4248540699481964,0.14822256565093994,0.1888641119003296,97071,3,1,True,Right,Front,Right,Centre,67
<_io.BytesIO object at 0x000002A112DE7C20>,0.44006961584091187,0.06895346939563751,0.22678549587726593,97071,3,1,True,Right,Front,Right,Centre,67
<_io.BytesIO object at 0x000002A112DE7590>,0.429813414812088,0.10482728481292725,0.17026662826538086,97071,3,1,True,Right,Front,Right,Centre,67
<_io.BytesIO object at 0x000002A112DD3BD0>,0.4627862870693207,0.1682279258966446,0.17183426022529602,97072,3,1,True,Right,Front,Right,Centre,67
<_io.BytesIO object at 0x000002A112DD7220>,0.4890620708465576,0.14311181008815765,0.2653200924396515,97072,3,1,True,Right,Front,Right,Centre,67
<_io.BytesIO object at 0x000002A112DD7400>,0.4248540699481964,0.14822256565093994,0.1888641119003296,97072,3,1,True,Right,Front,Right,Centre,67
<_io.BytesIO object at 0x000002A112DD75E0>,0.44006961584091187,0.06895346939563751,0.22678549587726593,97072,3,1,True,Right,Front,Right,Centre,67
<_io.BytesIO object at 0x000002A112DD77C0>,0.429813414812088,0.10482728481292725,0.17026662826538086,97072,3,1,True,Right,Front,Right,Centre,67
<_io.BytesIO object at 0x000002A112DE4E50>,0.4627862870693207,0.1682279258966446,0.17183426022529602,97073,3,1,True,Right,Front,Right,Centre,67
<_io.BytesIO object at 0x000002A112DE4630>,0.4890620708465576,0.14311181008815765,0.2653200924396515,97073,3,1,True,Right,Front,Right,Centre,67
<_io.BytesIO object at 0x000002A112E82360>,0.4248540699481964,0.14822256565093994,0.1888641119003296,97073,3,1,True,Right,Front,Right,Centre,67
<_io.BytesIO object at 0x000002A112E82B30>,0.44006961584091187,0.06895346939563751,0.22678549587726593,97073,3,1,True,Right,Front,Right,Centre,67
<_io.BytesIO object at 0x000002A112E82F40>,0.429813414812088,0.10482728481292725,0.17026662826538086,97073,3,1,True,Right,Front,Right,Centre,67
<_io.BytesIO object at 0x000002A112E98450>,0.4627862870693207,0.1682279258966446,0.17183426022529602,97074,3,1,True,Right,Front,Right,Centre,67
<_io.BytesIO object at 0x000002A112E989A0>,0.4890620708465576,0.14311181008815765,0.2653200924396515,97074,3,1,True,Right,Front,Right,Centre,67
<_io.BytesIO object at 0x000002A112E98270>,0.4248540699481964,0.14822256565093994,0.1888641119003296,97074,3,1,True,Right,Front,Right,Centre,67
<_io.BytesIO object at 0x000002A112E9BD60>,0.44006961584091187,0.06895346939563751,0.22678549587726593,97074,3,1,True,Right,Front,Right,Centre,67
<_io.BytesIO object at 0x000002A112E9BA40>,0.429813414812088,0.10482728481292725,0.17026662826538086,97074,3,1,True,Right,Front,Right,Centre,67
<_io.BytesIO object at 0x000002A112DDD900>,0.4627862870693207,0.1682279258966446,0.17183426022529602,97075,3,1,True,Right,Front,Right,Centre,67
<_io.BytesIO object at 0x000002A112DDD450>,0.4890620708465576,0.14311181008815765,0.2653200924396515,97075,3,1,True,Right,Front,Right,Centre,67
<_io.BytesIO object at 0x000002A112DDDCC0>,0.4248540699481964,0.14822256565093994,0.1888641119003296,97075,3,1,True,Right,Front,Right,Centre,67
<_io.BytesIO object at 0x000002A112DDD9F0>,0.44006961584091187,0.06895346939563751,0.22678549587726593,97075,3,1,True,Right,Front,Right,Centre,67
<_io.BytesIO object at 0x000002A112DDDC70>,0.429813414812088,0.10482728481292725,0.17026662826538086,97075,3,1,True,Right,Front,Right,Centre,67
<_io.BytesIO object at 0x000002A112DE6D10>,0.4627862870693207,0.1682279258966446,0.17183426022529602,97076,3,1,True,Right,Front,Right,Centre,67
<_io.BytesIO object at 0x000002A112DE6400>,0.4890620708465576,0.14311181008815765,0.2653200924396515,97076,3,1,True,Right,Front,Right,Centre,67
<_io.BytesIO object at 0x000002A112DE6DB0>,0.4248540699481964,0.14822256565093994,0.1888641119003296,97076,3,1,True,Right,Front,Right,Centre,67
<_io.BytesIO object at 0x000002A112DE6860>,0.44006961584091187,0.06895346939563751,0.22678549587726593,97076,3,1,True,Right,Front,Right,Centre,67
<_io.BytesIO object at 0x000002A112DE6270>,0.429813414812088,0.10482728481292725,0.17026662826538086,97076,3,1,True,Right,Front,Right,Centre,67
<_io.BytesIO object at 0x000002A112EB7F40>,0.4627862870693207,0.1682279258966446,0.17183426022529602,97077,3,1,True,Right,Front,Right,Centre,67
<_io.BytesIO object at 0x000002A112EB73B0>,0.4890620708465576,0.14311181008815765,0.2653200924396515,97077,3,1,True,Right,Front,Right,Centre,67
<_io.BytesIO object at 0x000002A112EB7540>,0.4248540699481964,0.14822256565093994,0.1888641119003296,97077,3,1,True,Right,Front,Right,Centre,67
<_io.BytesIO object at 0x000002A112EB7310>,0.44006961584091187,0.06895346939563751,0.22678549587726593,97077,3,1,True,Right,Front,Right,Centre,67
<_io.BytesIO object at 0x000002A112EB79A0>,0.429813414812088,0.10482728481292725,0.17026662826538086,97077,3,1,True,Right,Front,Right,Centre,67
<_io.BytesIO object at 0x000002A112E98310>,0.4627862870693207,0.1682279258966446,0.17183426022529602,97078,3,1,True,Right,Front,Right,Centre,67
<_io.BytesIO object at 0x000002A112E96D10>,0.4890620708465576,0.14311181008815765,0.2653200924396515,97078,3,1,True,Right,Front,Right,Centre,67
<_io.BytesIO object at 0x000002A112E96860>,0.4248540699481964,0.14822256565093994,0.1888641119003296,97078,3,1,True,Right,Front,Right,Centre,67
<_io.BytesIO object at 0x000002A112E96F90>,0.44006961584091187,0.06895346939563751,0.22678549587726593,97078,3,1,True,Right,Front,Right,Centre,67
<_io.BytesIO object at 0x000002A112E964F0>,0.429813414812088,0.10482728481292725,0.17026662826538086,97078,3,1,True,Right,Front,Right,Centre,67
<_io.BytesIO object at 0x000002A112DE45E0>,0.4627862870693207,0.1682279258966446,0.17183426022529602,97079,3,1,True,Right,Front,Right,Centre,67
<_io.BytesIO object at 0x000002A112DE4F40>,0.4890620708465576,0.14311181008815765,0.2653200924396515,97079,3,1,True,Right,Front,Right,Centre,67
<_io.BytesIO object at 0x000002A112DD3630>,0.4248540699481964,0.14822256565093994,0.1888641119003296,97079,3,1,True,Right,Front,Right,Centre,67
<_io.BytesIO object at 0x000002A112DD3F90>,0.44006961584091187,0.06895346939563751,0.22678549587726593,97079,3,1,True,Right,Front,Right,Centre,67
<_io.BytesIO object at 0x000002A112DD3090>,0.429813414812088,0.10482728481292725,0.17026662826538086,97079,3,1,True,Right,Front,Right,Centre,67
<_io.BytesIO object at 0x000002A112E82680>,0.4627862870693207,0.1682279258966446,0.17183426022529602,97080,3,1,True,Right,Front,Right,Centre,67
<_io.BytesIO object at 0x000002A112E82040>,0.4890620708465576,0.14311181008815765,0.2653200924396515,97080,3,1,True,Right,Front,Right,Centre,67
<_io.BytesIO object at 0x000002A112E82270>,0.4248540699481964,0.14822256565093994,0.1888641119003296,97080,3,1,True,Right,Front,Right,Centre,67
<_io.BytesIO object at 0x000002A112E82950>,0.44006961584091187,0.06895346939563751,0.22678549587726593,97080,3,1,True,Right,Front,Right,Centre,67
<_io.BytesIO object at 0x000002A112DE7540>,0.429813414812088,0.10482728481292725,0.17026662826538086,97080,3,1,True,Right,Front,Right,Centre,67
<_io.BytesIO object at 0x000002A112E9BA90>,0.4627862870693207,0.1682279258966446,0.17183426022529602,97081,3,1,True,Right,Front,Right,Centre,67
<_io.BytesIO object at 0x000002A112E9B180>,0.4890620708465576,0.14311181008815765,0.2653200924396515,97081,3,1,True,Right,Front,Right,Centre,67
<_io.BytesIO object at 0x000002A112E9B9A0>,0.4248540699481964,0.14822256565093994,0.1888641119003296,97081,3,1,True,Right,Front,Right,Centre,67
<_io.BytesIO object at 0x000002A112E9B1D0>,0.44006961584091187,0.06895346939563751,0.22678549587726593,97081,3,1,True,Right,Front,Right,Centre,67
<_io.BytesIO object at 0x000002A112E9BE50>,0.429813414812088,0.10482728481292725,0.17026662826538086,97081,3,1,True,Right,Front,Right,Centre,67
<_io.BytesIO object at 0x000002A112EB6130>,0.4627862870693207,0.1682279258966446,0.17183426022529602,97082,3,1,True,Right,Front,Right,Centre,67
<_io.BytesIO object at 0x000002A112EB62C0>,0.4890620708465576,0.14311181008815765,0.2653200924396515,97082,3,1,True,Right,Front,Right,Centre,67
<_io.BytesIO object at 0x000002A112EB6D10>,0.4248540699481964,0.14822256565093994,0.1888641119003296,97082,3,1,True,Right,Front,Right,Centre,67
<_io.BytesIO object at 0x000002A112EB69A0>,0.44006961584091187,0.06895346939563751,0.22678549587726593,97082,3,1,True,Right,Front,Right,Centre,67
<_io.BytesIO object at 0x000002A112EB6860>,0.429813414812088,0.10482728481292725,0.17026662826538086,97082,3,1,True,Right,Front,Right,Centre,67
<_io.BytesIO object at 0x000002A112DE65E0>,0.4627862870693207,0.1682279258966446,0.17183426022529602,97083,3,1,True,Right,Front,Right,Centre,67
<_io.BytesIO object at 0x000002A112DE6AE0>,0.4890620708465576,0.14311181008815765,0.2653200924396515,97083,3,1,True,Right,Front,Right,Centre,67
<_io.BytesIO object at 0x000002A112DE6680>,0.4248540699481964,0.14822256565093994,0.1888641119003296,97083,3,1,True,Right,Front,Right,Centre,67
<_io.BytesIO object at 0x000002A112DE6A40>,0.44006961584091187,0.06895346939563751,0.22678549587726593,97083,3,1,True,Right,Front,Right,Centre,67
<_io.BytesIO object at 0x000002A112DE68B0>,0.429813414812088,0.10482728481292725,0.17026662826538086,97083,3,1,True,Right,Front,Right,Centre,67
<_io.BytesIO object at 0x000002A112DDD2C0>,0.4627862870693207,0.1682279258966446,0.17183426022529602,97084,3,1,True,Right,Front,Right,Centre,67
<_io.BytesIO object at 0x000002A112EB7BD0>,0.4890620708465576,0.14311181008815765,0.2653200924396515,97084,3,1,True,Right,Front,Right,Centre,67
<_io.BytesIO object at 0x000002A112EB7D60>,0.4248540699481964,0.14822256565093994,0.1888641119003296,97084,3,1,True,Right,Front,Right,Centre,67
<_io.BytesIO object at 0x000002A112EB7F40>,0.44006961584091187,0.06895346939563751,0.22678549587726593,97084,3,1,True,Right,Front,Right,Centre,67
<_io.BytesIO object at 0x000002A112EB78B0>,0.429813414812088,0.10482728481292725,0.17026662826538086,97084,3,1,True,Right,Front,Right,Centre,67
<_io.BytesIO object at 0x000002A112E984A0>,0.4627862870693207,0.1682279258966446,0.17183426022529602,97085,3,1,True,Right,Front,Right,Centre,67
<_io.BytesIO object at 0x000002A112E98E50>,0.4890620708465576,0.14311181008815765,0.2653200924396515,97085,3,1,True,Right,Front,Right,Centre,67
<_io.BytesIO object at 0x000002A112E98310>,0.4248540699481964,0.14822256565093994,0.1888641119003296,97085,3,1,True,Right,Front,Right,Centre,67
<_io.BytesIO object at 0x000002A112E96D60>,0.44006961584091187,0.06895346939563751,0.22678549587726593,97085,3,1,True,Right,Front,Right,Centre,67
<_io.BytesIO object at 0x000002A112E966D0>,0.429813414812088,0.10482728481292725,0.17026662826538086,97085,3,1,True,Right,Front,Right,Centre,67
<_io.BytesIO object at 0x000002A112DE4B80>,0.4627862870693207,0.1682279258966446,0.17183426022529602,97086,3,1,True,Right,Front,Right,Centre,67
<_io.BytesIO object at 0x000002A112DE48B0>,0.4890620708465576,0.14311181008815765,0.2653200924396515,97086,3,1,True,Right,Front,Right,Centre,67
<_io.BytesIO object at 0x000002A112DE4680>,0.4248540699481964,0.14822256565093994,0.1888641119003296,97086,3,1,True,Right,Front,Right,Centre,67
<_io.BytesIO object at 0x000002A112DE4130>,0.44006961584091187,0.06895346939563751,0.22678549587726593,97086,3,1,True,Right,Front,Right,Centre,67
<_io.BytesIO object at 0x000002A112DD3C20>,0.429813414812088,0.10482728481292725,0.17026662826538086,97086,3,1,True,Right,Front,Right,Centre,67
<_io.BytesIO object at 0x000002A112DD31D0>,0.4627862870693207,0.1682279258966446,0.17183426022529602,97087,3,1,True,Right,Front,Right,Centre,67
<_io.BytesIO object at 0x000002A112DD3860>,0.4890620708465576,0.14311181008815765,0.2653200924396515,97087,3,1,True,Right,Front,Right,Centre,67
<_io.BytesIO object at 0x000002A112DD3B80>,0.4248540699481964,0.14822256565093994,0.1888641119003296,97087,3,1,True,Right,Front,Right,Centre,67
<_io.BytesIO object at 0x000002A112DE4860>,0.44006961584091187,0.06895346939563751,0.22678549587726593,97087,3,1,True,Right,Front,Right,Centre,67
<_io.BytesIO object at 0x000002A112DE4680>,0.429813414812088,0.10482728481292725,0.17026662826538086,97087,3,1,True,Right,Front,Right,Centre,67
<_io.BytesIO object at 0x000002A112E96A90>,0.4627862870693207,0.1682279258966446,0.17183426022529602,97088,3,1,True,Right,Front,Right,Centre,67
<_io.BytesIO object at 0x000002A112E96860>,0.4890620708465576,0.14311181008815765,0.2653200924396515,97088,3,1,True,Right,Front,Right,Centre,67
<_io.BytesIO object at 0x000002A112E969A0>,0.4248540699481964,0.14822256565093994,0.1888641119003296,97088,3,1,True,Right,Front,Right,Centre,67
<_io.BytesIO object at 0x000002A112E989F0>,0.44006961584091187,0.06895346939563751,0.22678549587726593,97088,3,1,True,Right,Front,Right,Centre,67
<_io.BytesIO object at 0x000002A112E98090>,0.429813414812088,0.10482728481292725,0.17026662826538086,97088,3,1,True,Right,Front,Right,Centre,67
<_io.BytesIO object at 0x000002A112EB75E0>,0.4627862870693207,0.1682279258966446,0.17183426022529602,97089,3,1,True,Right,Front,Right,Centre,67
<_io.BytesIO object at 0x000002A112EB7360>,0.4890620708465576,0.14311181008815765,0.2653200924396515,97089,3,1,True,Right,Front,Right,Centre,67
<_io.BytesIO object at 0x000002A112EB7540>,0.4248540699481964,0.14822256565093994,0.1888641119003296,97089,3,1,True,Right,Front,Right,Centre,67
<_io.BytesIO object at 0x000002A112EB7B80>,0.44006961584091187,0.06895346939563751,0.22678549587726593,97089,3,1,True,Right,Front,Right,Centre,67
<_io.BytesIO object at 0x000002A112EB7770>,0.429813414812088,0.10482728481292725,0.17026662826538086,97089,3,1,True,Right,Front,Right,Centre,67
<_io.BytesIO object at 0x000002A112DE6EF0>,0.4627862870693207,0.1682279258966446,0.17183426022529602,97090,3,1,True,Right,Front,Right,Centre,67
<_io.BytesIO object at 0x000002A112DE60E0>,0.4890620708465576,0.14311181008815765,0.2653200924396515,97090,3,1,True,Right,Front,Right,Centre,67
<_io.BytesIO object at 0x000002A112DE6BD0>,0.4248540699481964,0.14822256565093994,0.1888641119003296,97090,3,1,True,Right,Front,Right,Centre,67
<_io.BytesIO object at 0x000002A112DE61D0>,0.44006961584091187,0.06895346939563751,0.22678549587726593,97090,3,1,True,Right,Front,Right,Centre,67
<_io.BytesIO object at 0x000002A112DE6720>,0.429813414812088,0.10482728481292725,0.17026662826538086,97090,3,1,True,Right,Front,Right,Centre,67
<_io.BytesIO object at 0x000002A112EB68B0>,0.4627862870693207,0.1682279258966446,0.17183426022529602,97091,3,1,True,Right,Front,Right,Centre,67
<_io.BytesIO object at 0x000002A112EB6680>,0.4890620708465576,0.14311181008815765,0.2653200924396515,97091,3,1,True,Right,Front,Right,Centre,67
<_io.BytesIO object at 0x000002A112DDDD60>,0.4248540699481964,0.14822256565093994,0.1888641119003296,97091,3,1,True,Right,Front,Right,Centre,67
<_io.BytesIO object at 0x000002A112DDDA90>,0.44006961584091187,0.06895346939563751,0.22678549587726593,97091,3,1,True,Right,Front,Right,Centre,67
<_io.BytesIO object at 0x000002A112DDD9F0>,0.429813414812088,0.10482728481292725,0.17026662826538086,97091,3,1,True,Right,Front,Right,Centre,67
<_io.BytesIO object at 0x000002A112E9B4A0>,0.4627862870693207,0.1682279258966446,0.17183426022529602,97092,3,1,True,Right,Front,Right,Centre,67
<_io.BytesIO object at 0x000002A112E9B540>,0.4890620708465576,0.14311181008815765,0.2653200924396515,97092,3,1,True,Right,Front,Right,Centre,67
<_io.BytesIO object at 0x000002A112E9B270>,0.4248540699481964,0.14822256565093994,0.1888641119003296,97092,3,1,True,Right,Front,Right,Centre,67
<_io.BytesIO object at 0x000002A112E9BA40>,0.44006961584091187,0.06895346939563751,0.22678549587726593,97092,3,1,True,Right,Front,Right,Centre,67
<_io.BytesIO object at 0x000002A112E98630>,0.429813414812088,0.10482728481292725,0.17026662826538086,97092,3,1,True,Right,Front,Right,Centre,67
<_io.BytesIO object at 0x000002A112DE4590>,0.4627862870693207,0.1682279258966446,0.17183426022529602,97093,3,1,True,Right,Front,Right,Centre,67
<_io.BytesIO object at 0x000002A112DE42C0>,0.4890620708465576,0.14311181008815765,0.2653200924396515,97093,3,1,True,Right,Front,Right,Centre,67
<_io.BytesIO object at 0x000002A112DE46D0>,0.4248540699481964,0.14822256565093994,0.1888641119003296,97093,3,1,True,Right,Front,Right,Centre,67
<_io.BytesIO object at 0x000002A112DE4B30>,0.44006961584091187,0.06895346939563751,0.22678549587726593,97093,3,1,True,Right,Front,Right,Centre,67
<_io.BytesIO object at 0x000002A112DE4680>,0.429813414812088,0.10482728481292725,0.17026662826538086,97093,3,1,True,Right,Front,Right,Centre,67
<_io.BytesIO object at 0x000002A112E823B0>,0.4627862870693207,0.1682279258966446,0.17183426022529602,97094,3,1,True,Right,Front,Right,Centre,67
<_io.BytesIO object at 0x000002A112E821D0>,0.4890620708465576,0.14311181008815765,0.2653200924396515,97094,3,1,True,Right,Front,Right,Centre,67
<_io.BytesIO object at 0x000002A112E822C0>,0.4248540699481964,0.14822256565093994,0.1888641119003296,97094,3,1,True,Right,Front,Right,Centre,67
<_io.BytesIO object at 0x000002A112E82860>,0.44006961584091187,0.06895346939563751,0.22678549587726593,97094,3,1,True,Right,Front,Right,Centre,67
<_io.BytesIO object at 0x000002A112E82EF0>,0.429813414812088,0.10482728481292725,0.17026662826538086,97094,3,1,True,Right,Front,Right,Centre,67
<_io.BytesIO object at 0x000002A113035C70>,0.4627862870693207,0.1682279258966446,0.17183426022529602,97095,3,1,True,Right,Front,Right,Centre,67
<_io.BytesIO object at 0x000002A113035CC0>,0.4890620708465576,0.14311181008815765,0.2653200924396515,97095,3,1,True,Right,Front,Right,Centre,67
<_io.BytesIO object at 0x000002A1130356D0>,0.4248540699481964,0.14822256565093994,0.1888641119003296,97095,3,1,True,Right,Front,Right,Centre,67
<_io.BytesIO object at 0x000002A113035E00>,0.44006961584091187,0.06895346939563751,0.22678549587726593,97095,3,1,True,Right,Front,Right,Centre,67
<_io.BytesIO object at 0x000002A17F3454F0>,0.429813414812088,0.10482728481292725,0.17026662826538086,97095,3,1,True,Right,Front,Right,Centre,67
<_io.BytesIO object at 0x000002A112DDF0E0>,0.4627862870693207,0.1682279258966446,0.17183426022529602,97096,3,1,True,Right,Front,Right,Centre,67
<_io.BytesIO object at 0x000002A112DDF310>,0.4890620708465576,0.14311181008815765,0.2653200924396515,97096,3,1,True,Right,Front,Right,Centre,67
<_io.BytesIO object at 0x000002A112DDF4F0>,0.4248540699481964,0.14822256565093994,0.1888641119003296,97096,3,1,True,Right,Front,Right,Centre,67
<_io.BytesIO object at 0x000002A112DDF6D0>,0.44006961584091187,0.06895346939563751,0.22678549587726593,97096,3,1,True,Right,Front,Right,Centre,67
<_io.BytesIO object at 0x000002A112DDF8B0>,0.429813414812088,0.10482728481292725,0.17026662826538086,97096,3,1,True,Right,Front,Right,Centre,67
<_io.BytesIO object at 0x000002A112DE4A40>,0.4627862870693207,0.1682279258966446,0.17183426022529602,97097,3,1,True,Right,Front,Right,Centre,67
<_io.BytesIO object at 0x000002A112DE4C70>,0.4890620708465576,0.14311181008815765,0.2653200924396515,97097,3,1,True,Right,Front,Right,Centre,67
<_io.BytesIO object at 0x000002A112DE4E50>,0.4248540699481964,0.14822256565093994,0.1888641119003296,97097,3,1,True,Right,Front,Right,Centre,67
<_io.BytesIO object at 0x000002A112DEA860>,0.44006961584091187,0.06895346939563751,0.22678549587726593,97097,3,1,True,Right,Front,Right,Centre,67
<_io.BytesIO object at 0x000002A112DEA090>,0.429813414812088,0.10482728481292725,0.17026662826538086,97097,3,1,True,Right,Front,Right,Centre,67
<_io.BytesIO object at 0x000002A112DC4EA0>,0.4627862870693207,0.1682279258966446,0.17183426022529602,97098,3,1,True,Right,Front,Right,Centre,67
<_io.BytesIO object at 0x000002A112DC4720>,0.4890620708465576,0.14311181008815765,0.2653200924396515,97098,3,1,True,Right,Front,Right,Centre,67
<_io.BytesIO object at 0x000002A112DC44F0>,0.4248540699481964,0.14822256565093994,0.1888641119003296,97098,3,1,True,Right,Front,Right,Centre,67
<_io.BytesIO object at 0x000002A112DC42C0>,0.44006961584091187,0.06895346939563751,0.22678549587726593,97098,3,1,True,Right,Front,Right,Centre,67
<_io.BytesIO object at 0x000002A112DC4040>,0.429813414812088,0.10482728481292725,0.17026662826538086,97098,3,1,True,Right,Front,Right,Centre,67
<_io.BytesIO object at 0x000002A17F345090>,0.4627862870693207,0.1682279258966446,0.17183426022529602,97099,3,1,True,Right,Front,Right,Centre,67
<_io.BytesIO object at 0x000002A113035E00>,0.4890620708465576,0.14311181008815765,0.2653200924396515,97099,3,1,True,Right,Front,Right,Centre,67
<_io.BytesIO object at 0x000002A113035A40>,0.4248540699481964,0.14822256565093994,0.1888641119003296,97099,3,1,True,Right,Front,Right,Centre,67
<_io.BytesIO object at 0x000002A113035860>,0.44006961584091187,0.06895346939563751,0.22678549587726593,97099,3,1,True,Right,Front,Right,Centre,67
<_io.BytesIO object at 0x000002A113035DB0>,0.429813414812088,0.10482728481292725,0.17026662826538086,97099,3,1,True,Right,Front,Right,Centre,67
<_io.BytesIO object at 0x000002A112E82900>,0.4627862870693207,0.1682279258966446,0.17183426022529602,97100,3,1,True,Right,Front,Right,Centre,67
<_io.BytesIO object at 0x000002A112E824F0>,0.4890620708465576,0.14311181008815765,0.2653200924396515,97100,3,1,True,Right,Front,Right,Centre,67
<_io.BytesIO object at 0x000002A112E82E50>,0.4248540699481964,0.14822256565093994,0.1888641119003296,97100,3,1,True,Right,Front,Right,Centre,67
<_io.BytesIO object at 0x000002A112E82C20>,0.44006961584091187,0.06895346939563751,0.22678549587726593,97100,3,1,True,Right,Front,Right,Centre,67
<_io.BytesIO object at 0x000002A112E82180>,0.429813414812088,0.10482728481292725,0.17026662826538086,97100,3,1,True,Right,Front,Right,Centre,67
<_io.BytesIO object at 0x000002A112DD7C70>,0.4627862870693207,0.1682279258966446,0.17183426022529602,97101,3,1,True,Right,Front,Right,Centre,67
<_io.BytesIO object at 0x000002A112DD7900>,0.4890620708465576,0.14311181008815765,0.2653200924396515,97101,3,1,True,Right,Front,Right,Centre,67
<_io.BytesIO object at 0x000002A112DD7C20>,0.4248540699481964,0.14822256565093994,0.1888641119003296,97101,3,1,True,Right,Front,Right,Centre,67
<_io.BytesIO object at 0x000002A112DD79A0>,0.44006961584091187,0.06895346939563751,0.22678549587726593,97101,3,1,True,Right,Front,Right,Centre,67
<_io.BytesIO object at 0x000002A112DD7770>,0.429813414812088,0.10482728481292725,0.17026662826538086,97101,3,1,True,Right,Front,Right,Centre,67
<_io.BytesIO object at 0x000002A112E96220>,0.4627862870693207,0.1682279258966446,0.17183426022529602,97102,3,1,True,Right,Front,Right,Centre,67
<_io.BytesIO object at 0x000002A112E98400>,0.4890620708465576,0.14311181008815765,0.2653200924396515,97102,3,1,True,Right,Front,Right,Centre,67
<_io.BytesIO object at 0x000002A112E982C0>,0.4248540699481964,0.14822256565093994,0.1888641119003296,97102,3,1,True,Right,Front,Right,Centre,67
<_io.BytesIO object at 0x000002A112E98E50>,0.44006961584091187,0.06895346939563751,0.22678549587726593,97102,3,1,True,Right,Front,Right,Centre,67
<_io.BytesIO object at 0x000002A112E98C70>,0.429813414812088,0.10482728481292725,0.17026662826538086,97102,3,1,True,Right,Front,Right,Centre,67
<_io.BytesIO object at 0x000002A112EB77C0>,0.4627862870693207,0.1682279258966446,0.17183426022529602,97103,3,1,True,Right,Front,Right,Centre,67
<_io.BytesIO object at 0x000002A112EB7A90>,0.4890620708465576,0.14311181008815765,0.2653200924396515,97103,3,1,True,Right,Front,Right,Centre,67
<_io.BytesIO object at 0x000002A112EB74F0>,0.4248540699481964,0.14822256565093994,0.1888641119003296,97103,3,1,True,Right,Front,Right,Centre,67
<_io.BytesIO object at 0x000002A112EB6450>,0.44006961584091187,0.06895346939563751,0.22678549587726593,97103,3,1,True,Right,Front,Right,Centre,67
<_io.BytesIO object at 0x000002A112EB6770>,0.429813414812088,0.10482728481292725,0.17026662826538086,97103,3,1,True,Right,Front,Right,Centre,67
<_io.BytesIO object at 0x000002A112DEA220>,0.4627862870693207,0.1682279258966446,0.17183426022529602,97104,3,1,True,Right,Front,Right,Centre,67
<_io.BytesIO object at 0x000002A112DEAB80>,0.4890620708465576,0.14311181008815765,0.2653200924396515,97104,3,1,True,Right,Front,Right,Centre,67
<_io.BytesIO object at 0x000002A112DEA5E0>,0.4248540699481964,0.14822256565093994,0.1888641119003296,97104,3,1,True,Right,Front,Right,Centre,67
<_io.BytesIO object at 0x000002A112DEAEF0>,0.44006961584091187,0.06895346939563751,0.22678549587726593,97104,3,1,True,Right,Front,Right,Centre,67
<_io.BytesIO object at 0x000002A112DEAF40>,0.429813414812088,0.10482728481292725,0.17026662826538086,97104,3,1,True,Right,Front,Right,Centre,67
<_io.BytesIO object at 0x000002A112DEA9A0>,0.4627862870693207,0.1682279258966446,0.17183426022529602,97105,3,1,True,Right,Front,Right,Centre,67
<_io.BytesIO object at 0x000002A112DEA400>,0.4890620708465576,0.14311181008815765,0.2653200924396515,97105,3,1,True,Right,Front,Right,Centre,67
<_io.BytesIO object at 0x000002A112DEA900>,0.4248540699481964,0.14822256565093994,0.1888641119003296,97105,3,1,True,Right,Front,Right,Centre,67
<_io.BytesIO object at 0x000002A112DC4C70>,0.44006961584091187,0.06895346939563751,0.22678549587726593,97105,3,1,True,Right,Front,Right,Centre,67
<_io.BytesIO object at 0x000002A112DC4D60>,0.429813414812088,0.10482728481292725,0.17026662826538086,97105,3,1,True,Right,Front,Right,Centre,67
<_io.BytesIO object at 0x000002A112EB7360>,0.4627862870693207,0.1682279258966446,0.17183426022529602,97106,3,1,True,Right,Front,Right,Centre,67
<_io.BytesIO object at 0x000002A112EB7400>,0.4890620708465576,0.14311181008815765,0.2653200924396515,97106,3,1,True,Right,Front,Right,Centre,67
<_io.BytesIO object at 0x000002A112EB7E50>,0.4248540699481964,0.14822256565093994,0.1888641119003296,97106,3,1,True,Right,Front,Right,Centre,67
<_io.BytesIO object at 0x000002A112EB7860>,0.44006961584091187,0.06895346939563751,0.22678549587726593,97106,3,1,True,Right,Front,Right,Centre,67
<_io.BytesIO object at 0x000002A17F345810>,0.429813414812088,0.10482728481292725,0.17026662826538086,97106,3,1,True,Right,Front,Right,Centre,67
<_io.BytesIO object at 0x000002A112E96040>,0.4627862870693207,0.1682279258966446,0.17183426022529602,97107,3,1,True,Right,Front,Right,Centre,67
<_io.BytesIO object at 0x000002A112E96E00>,0.4890620708465576,0.14311181008815765,0.2653200924396515,97107,3,1,True,Right,Front,Right,Centre,67
<_io.BytesIO object at 0x000002A112E964F0>,0.4248540699481964,0.14822256565093994,0.1888641119003296,97107,3,1,True,Right,Front,Right,Centre,67
<_io.BytesIO object at 0x000002A112E96BD0>,0.44006961584091187,0.06895346939563751,0.22678549587726593,97107,3,1,True,Right,Front,Right,Centre,67
<_io.BytesIO object at 0x000002A112E963B0>,0.429813414812088,0.10482728481292725,0.17026662826538086,97107,3,1,True,Right,Front,Right,Centre,67
<_io.BytesIO object at 0x000002A112DE4EA0>,0.4627862870693207,0.1682279258966446,0.17183426022529602,97108,3,1,True,Right,Front,Right,Centre,67
<_io.BytesIO object at 0x000002A112DC1130>,0.4890620708465576,0.14311181008815765,0.2653200924396515,97108,3,1,True,Right,Front,Right,Centre,67
<_io.BytesIO object at 0x000002A112DC1310>,0.4248540699481964,0.14822256565093994,0.1888641119003296,97108,3,1,True,Right,Front,Right,Centre,67
<_io.BytesIO object at 0x000002A112DC14F0>,0.44006961584091187,0.06895346939563751,0.22678549587726593,97108,3,1,True,Right,Front,Right,Centre,67
<_io.BytesIO object at 0x000002A112DC16D0>,0.429813414812088,0.10482728481292725,0.17026662826538086,97108,3,1,True,Right,Front,Right,Centre,67
<_io.BytesIO object at 0x000002A112E82A40>,0.4627862870693207,0.1682279258966446,0.17183426022529602,97109,3,1,True,Right,Front,Right,Centre,67
<_io.BytesIO object at 0x000002A112E82540>,0.4890620708465576,0.14311181008815765,0.2653200924396515,97109,3,1,True,Right,Front,Right,Centre,67
<_io.BytesIO object at 0x000002A112E96310>,0.4248540699481964,0.14822256565093994,0.1888641119003296,97109,3,1,True,Right,Front,Right,Centre,67
<_io.BytesIO object at 0x000002A112E96F40>,0.44006961584091187,0.06895346939563751,0.22678549587726593,97109,3,1,True,Right,Front,Right,Centre,67
<_io.BytesIO object at 0x000002A112E963B0>,0.429813414812088,0.10482728481292725,0.17026662826538086,97109,3,1,True,Right,Front,Right,Centre,67
<_io.BytesIO object at 0x000002A113035BD0>,0.4627862870693207,0.1682279258966446,0.17183426022529602,97110,3,1,True,Right,Front,Right,Centre,67
<_io.BytesIO object at 0x000002A17F345900>,0.4890620708465576,0.14311181008815765,0.2653200924396515,97110,3,1,True,Right,Front,Right,Centre,67
<_io.BytesIO object at 0x000002A17F345400>,0.4248540699481964,0.14822256565093994,0.1888641119003296,97110,3,1,True,Right,Front,Right,Centre,67
<_io.BytesIO object at 0x000002A17F345770>,0.44006961584091187,0.06895346939563751,0.22678549587726593,97110,3,1,True,Right,Front,Right,Centre,67
<_io.BytesIO object at 0x000002A17F345220>,0.429813414812088,0.10482728481292725,0.17026662826538086,97110,3,1,True,Right,Front,Right,Centre,67
<_io.BytesIO object at 0x000002A112DE7E50>,0.4627862870693207,0.1682279258966446,0.17183426022529602,97111,3,1,True,Right,Front,Right,Centre,67
<_io.BytesIO object at 0x000002A112DE75E0>,0.4890620708465576,0.14311181008815765,0.2653200924396515,97111,3,1,True,Right,Front,Right,Centre,67
<_io.BytesIO object at 0x000002A112DE7630>,0.4248540699481964,0.14822256565093994,0.1888641119003296,97111,3,1,True,Right,Front,Right,Centre,67
<_io.BytesIO object at 0x000002A112DE79F0>,0.44006961584091187,0.06895346939563751,0.22678549587726593,97111,3,1,True,Right,Front,Right,Centre,67
<_io.BytesIO object at 0x000002A112DE7F90>,0.429813414812088,0.10482728481292725,0.17026662826538086,97111,3,1,True,Right,Front,Right,Centre,67
<_io.BytesIO object at 0x000002A112DE4770>,0.4627862870693207,0.1682279258966446,0.17183426022529602,97112,3,1,True,Right,Front,Right,Centre,67
<_io.BytesIO object at 0x000002A112DE4950>,0.4890620708465576,0.14311181008815765,0.2653200924396515,97112,3,1,True,Right,Front,Right,Centre,67
<_io.BytesIO object at 0x000002A112DE4B80>,0.4248540699481964,0.14822256565093994,0.1888641119003296,97112,3,1,True,Right,Front,Right,Centre,67
<_io.BytesIO object at 0x000002A112DE4DB0>,0.44006961584091187,0.06895346939563751,0.22678549587726593,97112,3,1,True,Right,Front,Right,Centre,67
<_io.BytesIO object at 0x000002A112DE4B30>,0.429813414812088,0.10482728481292725,0.17026662826538086,97112,3,1,True,Right,Front,Right,Centre,67
<_io.BytesIO object at 0x000002A112DC4D60>,0.4627862870693207,0.1682279258966446,0.17183426022529602,97113,3,1,True,Right,Front,Right,Centre,67
<_io.BytesIO object at 0x000002A112DC4AE0>,0.4890620708465576,0.14311181008815765,0.2653200924396515,97113,3,1,True,Right,Front,Right,Centre,67
<_io.BytesIO object at 0x000002A112DC4590>,0.4248540699481964,0.14822256565093994,0.1888641119003296,97113,3,1,True,Right,Front,Right,Centre,67
<_io.BytesIO object at 0x000002A112DC42C0>,0.44006961584091187,0.06895346939563751,0.22678549587726593,97113,3,1,True,Right,Front,Right,Centre,67
<_io.BytesIO object at 0x000002A112DC41D0>,0.429813414812088,0.10482728481292725,0.17026662826538086,97113,3,1,True,Right,Front,Right,Centre,67
<_io.BytesIO object at 0x000002A1130354A0>,0.4627862870693207,0.1682279258966446,0.17183426022529602,97114,3,1,True,Right,Front,Right,Centre,67
<_io.BytesIO object at 0x000002A113035860>,0.4890620708465576,0.14311181008815765,0.2653200924396515,97114,3,1,True,Right,Front,Right,Centre,67
<_io.BytesIO object at 0x000002A112E9BC70>,0.4248540699481964,0.14822256565093994,0.1888641119003296,97114,3,1,True,Right,Front,Right,Centre,67
<_io.BytesIO object at 0x000002A112E9B720>,0.44006961584091187,0.06895346939563751,0.22678549587726593,97114,3,1,True,Right,Front,Right,Centre,67
<_io.BytesIO object at 0x000002A112E9B770>,0.429813414812088,0.10482728481292725,0.17026662826538086,97114,3,1,True,Right,Front,Right,Centre,67
<_io.BytesIO object at 0x000002A112E828B0>,0.4627862870693207,0.1682279258966446,0.17183426022529602,97115,3,1,True,Right,Front,Right,Centre,67
<_io.BytesIO object at 0x000002A112E821D0>,0.4890620708465576,0.14311181008815765,0.2653200924396515,97115,3,1,True,Right,Front,Right,Centre,67
<_io.BytesIO object at 0x000002A112E82770>,0.4248540699481964,0.14822256565093994,0.1888641119003296,97115,3,1,True,Right,Front,Right,Centre,67
<_io.BytesIO object at 0x000002A112E82720>,0.44006961584091187,0.06895346939563751,0.22678549587726593,97115,3,1,True,Right,Front,Right,Centre,67
<_io.BytesIO object at 0x000002A112DC7C70>,0.429813414812088,0.10482728481292725,0.17026662826538086,97115,3,1,True,Right,Front,Right,Centre,67
<_io.BytesIO object at 0x000002A112E96860>,0.4627862870693207,0.1682279258966446,0.17183426022529602,97116,3,1,True,Right,Front,Right,Centre,67
<_io.BytesIO object at 0x000002A112E963B0>,0.4890620708465576,0.14311181008815765,0.2653200924396515,97116,3,1,True,Right,Front,Right,Centre,67
<_io.BytesIO object at 0x000002A112E96590>,0.4248540699481964,0.14822256565093994,0.1888641119003296,97116,3,1,True,Right,Front,Right,Centre,67
<_io.BytesIO object at 0x000002A112E96540>,0.44006961584091187,0.06895346939563751,0.22678549587726593,97116,3,1,True,Right,Front,Right,Centre,67
<_io.BytesIO object at 0x000002A112E969F0>,0.429813414812088,0.10482728481292725,0.17026662826538086,97116,3,1,True,Right,Front,Right,Centre,67
<_io.BytesIO object at 0x000002A17F345360>,0.4627862870693207,0.1682279258966446,0.17183426022529602,97117,3,1,True,Right,Front,Right,Centre,67
<_io.BytesIO object at 0x000002A17F3450E0>,0.4890620708465576,0.14311181008815765,0.2653200924396515,97117,3,1,True,Right,Front,Right,Centre,67
<_io.BytesIO object at 0x000002A112EB7680>,0.4248540699481964,0.14822256565093994,0.1888641119003296,97117,3,1,True,Right,Front,Right,Centre,67
<_io.BytesIO object at 0x000002A112EB7DB0>,0.44006961584091187,0.06895346939563751,0.22678549587726593,97117,3,1,True,Right,Front,Right,Centre,67
<_io.BytesIO object at 0x000002A112EB7450>,0.429813414812088,0.10482728481292725,0.17026662826538086,97117,3,1,True,Right,Front,Right,Centre,67
<_io.BytesIO object at 0x000002A112DE7720>,0.4627862870693207,0.1682279258966446,0.17183426022529602,97118,3,1,True,Right,Front,Right,Centre,67
<_io.BytesIO object at 0x000002A112DE73B0>,0.4890620708465576,0.14311181008815765,0.2653200924396515,97118,3,1,True,Right,Front,Right,Centre,67
<_io.BytesIO object at 0x000002A112DE7AE0>,0.4248540699481964,0.14822256565093994,0.1888641119003296,97118,3,1,True,Right,Front,Right,Centre,67
<_io.BytesIO object at 0x000002A112DEADB0>,0.44006961584091187,0.06895346939563751,0.22678549587726593,97118,3,1,True,Right,Front,Right,Centre,67
<_io.BytesIO object at 0x000002A112DEA590>,0.429813414812088,0.10482728481292725,0.17026662826538086,97118,3,1,True,Right,Front,Right,Centre,67
<_io.BytesIO object at 0x000002A112DDD400>,0.4627862870693207,0.1682279258966446,0.17183426022529602,97119,3,1,True,Right,Front,Right,Centre,67
<_io.BytesIO object at 0x000002A112DDD630>,0.4890620708465576,0.14311181008815765,0.2653200924396515,97119,3,1,True,Right,Front,Right,Centre,67
<_io.BytesIO object at 0x000002A112DDD810>,0.4248540699481964,0.14822256565093994,0.1888641119003296,97119,3,1,True,Right,Front,Right,Centre,67
<_io.BytesIO object at 0x000002A112DDD9F0>,0.44006961584091187,0.06895346939563751,0.22678549587726593,97119,3,1,True,Right,Front,Right,Centre,67
<_io.BytesIO object at 0x000002A112DDDBD0>,0.429813414812088,0.10482728481292725,0.17026662826538086,97119,3,1,True,Right,Front,Right,Centre,67
<_io.BytesIO object at 0x000002A112DE72C0>,0.4627862870693207,0.1682279258966446,0.17183426022529602,97120,3,1,True,Right,Front,Right,Centre,67
<_io.BytesIO object at 0x000002A112DE75E0>,0.4890620708465576,0.14311181008815765,0.2653200924396515,97120,3,1,True,Right,Front,Right,Centre,67
<_io.BytesIO object at 0x000002A112DE7950>,0.4248540699481964,0.14822256565093994,0.1888641119003296,97120,3,1,True,Right,Front,Right,Centre,67
<_io.BytesIO object at 0x000002A112DE7E00>,0.44006961584091187,0.06895346939563751,0.22678549587726593,97120,3,1,True,Right,Front,Right,Centre,67
<_io.BytesIO object at 0x000002A112DE74A0>,0.429813414812088,0.10482728481292725,0.17026662826538086,97120,3,1,True,Right,Front,Right,Centre,67
<_io.BytesIO object at 0x000002A17F3455E0>,0.4627862870693207,0.1682279258966446,0.17183426022529602,97121,3,1,True,Right,Front,Right,Centre,67
<_io.BytesIO object at 0x000002A17F345630>,0.4890620708465576,0.14311181008815765,0.2653200924396515,97121,3,1,True,Right,Front,Right,Centre,67
<_io.BytesIO object at 0x000002A17F345220>,0.4248540699481964,0.14822256565093994,0.1888641119003296,97121,3,1,True,Right,Front,Right,Centre,67
<_io.BytesIO object at 0x000002A113035630>,0.44006961584091187,0.06895346939563751,0.22678549587726593,97121,3,1,True,Right,Front,Right,Centre,67
<_io.BytesIO object at 0x000002A113035BD0>,0.429813414812088,0.10482728481292725,0.17026662826538086,97121,3,1,True,Right,Front,Right,Centre,67
<_io.BytesIO object at 0x000002A112E96270>,0.4627862870693207,0.1682279258966446,0.17183426022529602,97122,3,1,True,Right,Front,Right,Centre,67
<_io.BytesIO object at 0x000002A112E96CC0>,0.4890620708465576,0.14311181008815765,0.2653200924396515,97122,3,1,True,Right,Front,Right,Centre,67
<_io.BytesIO object at 0x000002A112E96130>,0.4248540699481964,0.14822256565093994,0.1888641119003296,97122,3,1,True,Right,Front,Right,Centre,67
<_io.BytesIO object at 0x000002A112E825E0>,0.44006961584091187,0.06895346939563751,0.22678549587726593,97122,3,1,True,Right,Front,Right,Centre,67
<_io.BytesIO object at 0x000002A112E82B30>,0.429813414812088,0.10482728481292725,0.17026662826538086,97122,3,1,True,Right,Front,Right,Centre,67
<_io.BytesIO object at 0x000002A112DDD950>,0.4627862870693207,0.1682279258966446,0.17183426022529602,97123,3,1,True,Right,Front,Right,Centre,67
<_io.BytesIO object at 0x000002A112DDDCC0>,0.4890620708465576,0.14311181008815765,0.2653200924396515,97123,3,1,True,Right,Front,Right,Centre,67
<_io.BytesIO object at 0x000002A112DDD400>,0.4248540699481964,0.14822256565093994,0.1888641119003296,97123,3,1,True,Right,Front,Right,Centre,67
<_io.BytesIO object at 0x000002A112DC7310>,0.44006961584091187,0.06895346939563751,0.22678549587726593,97123,3,1,True,Right,Front,Right,Centre,67
<_io.BytesIO object at 0x000002A112DC7C20>,0.429813414812088,0.10482728481292725,0.17026662826538086,97123,3,1,True,Right,Front,Right,Centre,67
<_io.BytesIO object at 0x000002A112E98090>,0.4627862870693207,0.1682279258966446,0.17183426022529602,97124,3,1,True,Right,Front,Right,Centre,67
<_io.BytesIO object at 0x000002A112E98770>,0.4890620708465576,0.14311181008815765,0.2653200924396515,97124,3,1,True,Right,Front,Right,Centre,67
<_io.BytesIO object at 0x000002A112E98A40>,0.4248540699481964,0.14822256565093994,0.1888641119003296,97124,3,1,True,Right,Front,Right,Centre,67
<_io.BytesIO object at 0x000002A112E98DB0>,0.44006961584091187,0.06895346939563751,0.22678549587726593,97124,3,1,True,Right,Front,Right,Centre,67
<_io.BytesIO object at 0x000002A112E989F0>,0.429813414812088,0.10482728481292725,0.17026662826538086,97124,3,1,True,Right,Front,Right,Centre,67
<_io.BytesIO object at 0x000002A112E10F90>,0.4627862870693207,0.1682279258966446,0.17183426022529602,97125,3,1,True,Right,Front,Right,Centre,67
<_io.BytesIO object at 0x000002A112EB6DB0>,0.4890620708465576,0.14311181008815765,0.2653200924396515,97125,3,1,True,Right,Front,Right,Centre,67
<_io.BytesIO object at 0x000002A112EB62C0>,0.4248540699481964,0.14822256565093994,0.1888641119003296,97125,3,1,True,Right,Front,Right,Centre,67
<_io.BytesIO object at 0x000002A112EB6D60>,0.44006961584091187,0.06895346939563751,0.22678549587726593,97125,3,1,True,Right,Front,Right,Centre,67
<_io.BytesIO object at 0x000002A112EB60E0>,0.429813414812088,0.10482728481292725,0.17026662826538086,97125,3,1,True,Right,Front,Right,Centre,67
<_io.BytesIO object at 0x000002A112DEA310>,0.4627862870693207,0.1682279258966446,0.17183426022529602,97126,3,1,True,Right,Front,Right,Centre,67
<_io.BytesIO object at 0x000002A112DEAD10>,0.4890620708465576,0.14311181008815765,0.2653200924396515,97126,3,1,True,Right,Front,Right,Centre,67
<_io.BytesIO object at 0x000002A112DEA360>,0.4248540699481964,0.14822256565093994,0.1888641119003296,97126,3,1,True,Right,Front,Right,Centre,67
<_io.BytesIO object at 0x000002A112DBEDB0>,0.44006961584091187,0.06895346939563751,0.22678549587726593,97126,3,1,True,Right,Front,Right,Centre,67
<_io.BytesIO object at 0x000002A112DBEB30>,0.429813414812088,0.10482728481292725,0.17026662826538086,97126,3,1,True,Right,Front,Right,Centre,67
<_io.BytesIO object at 0x000002A112DE78B0>,0.4627862870693207,0.1682279258966446,0.17183426022529602,97127,3,1,True,Right,Front,Right,Centre,67
<_io.BytesIO object at 0x000002A112DE74F0>,0.4890620708465576,0.14311181008815765,0.2653200924396515,97127,3,1,True,Right,Front,Right,Centre,67
<_io.BytesIO object at 0x000002A112DE7630>,0.4248540699481964,0.14822256565093994,0.1888641119003296,97127,3,1,True,Right,Front,Right,Centre,67
<_io.BytesIO object at 0x000002A112DE7400>,0.44006961584091187,0.06895346939563751,0.22678549587726593,97127,3,1,True,Right,Front,Right,Centre,67
<_io.BytesIO object at 0x000002A112DE7A90>,0.429813414812088,0.10482728481292725,0.17026662826538086,97127,3,1,True,Right,Front,Right,Centre,67
<_io.BytesIO object at 0x000002A112EB7B80>,0.4627862870693207,0.1682279258966446,0.17183426022529602,97128,3,1,True,Right,Front,Right,Centre,67
<_io.BytesIO object at 0x000002A17F3458B0>,0.4890620708465576,0.14311181008815765,0.2653200924396515,97128,3,1,True,Right,Front,Right,Centre,67
<_io.BytesIO object at 0x000002A17F345090>,0.4248540699481964,0.14822256565093994,0.1888641119003296,97128,3,1,True,Right,Front,Right,Centre,67
<_io.BytesIO object at 0x000002A17F345220>,0.44006961584091187,0.06895346939563751,0.22678549587726593,97128,3,1,True,Right,Front,Right,Centre,67
<_io.BytesIO object at 0x000002A113035860>,0.429813414812088,0.10482728481292725,0.17026662826538086,97128,3,1,True,Right,Front,Right,Centre,67
<_io.BytesIO object at 0x000002A112E82810>,0.4627862870693207,0.1682279258966446,0.17183426022529602,97129,3,1,True,Right,Front,Right,Centre,67
<_io.BytesIO object at 0x000002A112E82090>,0.4890620708465576,0.14311181008815765,0.2653200924396515,97129,3,1,True,Right,Front,Right,Centre,67
<_io.BytesIO object at 0x000002A112E82130>,0.4248540699481964,0.14822256565093994,0.1888641119003296,97129,3,1,True,Right,Front,Right,Centre,67
<_io.BytesIO object at 0x000002A112E82860>,0.44006961584091187,0.06895346939563751,0.22678549587726593,97129,3,1,True,Right,Front,Right,Centre,67
<_io.BytesIO object at 0x000002A112E82E50>,0.429813414812088,0.10482728481292725,0.17026662826538086,97129,3,1,True,Right,Front,Right,Centre,67
<_io.BytesIO object at 0x000002A112DDD1D0>,0.4627862870693207,0.1682279258966446,0.17183426022529602,97130,3,1,True,Right,Front,Right,Centre,67
<_io.BytesIO object at 0x000002A112DDF5E0>,0.4890620708465576,0.14311181008815765,0.2653200924396515,97130,3,1,True,Right,Front,Right,Centre,67
<_io.BytesIO object at 0x000002A112DDF720>,0.4248540699481964,0.14822256565093994,0.1888641119003296,97130,3,1,True,Right,Front,Right,Centre,67
<_io.BytesIO object at 0x000002A112DDF130>,0.44006961584091187,0.06895346939563751,0.22678549587726593,97130,3,1,True,Right,Front,Right,Centre,67
<_io.BytesIO object at 0x000002A112DDF8B0>,0.429813414812088,0.10482728481292725,0.17026662826538086,97130,3,1,True,Right,Front,Right,Centre,67
<_io.BytesIO object at 0x000002A112E98540>,0.4627862870693207,0.1682279258966446,0.17183426022529602,97131,3,1,True,Right,Front,Right,Centre,67
<_io.BytesIO object at 0x000002A112E98D60>,0.4890620708465576,0.14311181008815765,0.2653200924396515,97131,3,1,True,Right,Front,Right,Centre,67
<_io.BytesIO object at 0x000002A112DC7590>,0.4248540699481964,0.14822256565093994,0.1888641119003296,97131,3,1,True,Right,Front,Right,Centre,67
<_io.BytesIO object at 0x000002A112DC70E0>,0.44006961584091187,0.06895346939563751,0.22678549587726593,97131,3,1,True,Right,Front,Right,Centre,67
<_io.BytesIO object at 0x000002A112DC7F90>,0.429813414812088,0.10482728481292725,0.17026662826538086,97131,3,1,True,Right,Front,Right,Centre,67
<_io.BytesIO object at 0x000002A112E9B900>,0.4627862870693207,0.1682279258966446,0.17183426022529602,97132,3,1,True,Right,Front,Right,Centre,67
<_io.BytesIO object at 0x000002A112E9BC20>,0.4890620708465576,0.14311181008815765,0.2653200924396515,97132,3,1,True,Right,Front,Right,Centre,67
<_io.BytesIO object at 0x000002A112E9B2C0>,0.4248540699481964,0.14822256565093994,0.1888641119003296,97132,3,1,True,Right,Front,Right,Centre,67
<_io.BytesIO object at 0x000002A112E9BB80>,0.44006961584091187,0.06895346939563751,0.22678549587726593,97132,3,1,True,Right,Front,Right,Centre,67
<_io.BytesIO object at 0x000002A112E9B770>,0.429813414812088,0.10482728481292725,0.17026662826538086,97132,3,1,True,Right,Front,Right,Centre,67
<_io.BytesIO object at 0x000002A112EB6D60>,0.4627862870693207,0.1682279258966446,0.17183426022529602,97133,3,1,True,Right,Front,Right,Centre,67
<_io.BytesIO object at 0x000002A112EB69A0>,0.4890620708465576,0.14311181008815765,0.2653200924396515,97133,3,1,True,Right,Front,Right,Centre,67
<_io.BytesIO object at 0x000002A112EB6130>,0.4248540699481964,0.14822256565093994,0.1888641119003296,97133,3,1,True,Right,Front,Right,Centre,67
<_io.BytesIO object at 0x000002A112EB6360>,0.44006961584091187,0.06895346939563751,0.22678549587726593,97133,3,1,True,Right,Front,Right,Centre,67
<_io.BytesIO object at 0x000002A112EB6950>,0.429813414812088,0.10482728481292725,0.17026662826538086,97133,3,1,True,Right,Front,Right,Centre,67
<_io.BytesIO object at 0x000002A112DEAD10>,0.4627862870693207,0.1682279258966446,0.17183426022529602,97134,3,1,True,Right,Front,Right,Centre,67
<_io.BytesIO object at 0x000002A112DEA630>,0.4890620708465576,0.14311181008815765,0.2653200924396515,97134,3,1,True,Right,Front,Right,Centre,67
<_io.BytesIO object at 0x000002A112DBE860>,0.4248540699481964,0.14822256565093994,0.1888641119003296,97134,3,1,True,Right,Front,Right,Centre,67
<_io.BytesIO object at 0x000002A112DBEF40>,0.44006961584091187,0.06895346939563751,0.22678549587726593,97134,3,1,True,Right,Front,Right,Centre,67
<_io.BytesIO object at 0x000002A112DBE900>,0.429813414812088,0.10482728481292725,0.17026662826538086,97134,3,1,True,Right,Front,Right,Centre,67
<_io.BytesIO object at 0x000002A112DE74F0>,0.4627862870693207,0.1682279258966446,0.17183426022529602,97135,3,1,True,Right,Front,Right,Centre,67
<_io.BytesIO object at 0x000002A112DE75E0>,0.4890620708465576,0.14311181008815765,0.2653200924396515,97135,3,1,True,Right,Front,Right,Centre,67
<_io.BytesIO object at 0x000002A112DE7770>,0.4248540699481964,0.14822256565093994,0.1888641119003296,97135,3,1,True,Right,Front,Right,Centre,67
<_io.BytesIO object at 0x000002A112DE7F90>,0.44006961584091187,0.06895346939563751,0.22678549587726593,97135,3,1,True,Right,Front,Right,Centre,67
<_io.BytesIO object at 0x000002A112DC46D0>,0.429813414812088,0.10482728481292725,0.17026662826538086,97135,3,1,True,Right,Front,Right,Centre,67
<_io.BytesIO object at 0x000002A112EB7180>,0.4627862870693207,0.1682279258966446,0.17183426022529602,97136,3,1,True,Right,Front,Right,Centre,67
<_io.BytesIO object at 0x000002A17F345270>,0.4890620708465576,0.14311181008815765,0.2653200924396515,97136,3,1,True,Right,Front,Right,Centre,67
<_io.BytesIO object at 0x000002A17F345360>,0.4248540699481964,0.14822256565093994,0.1888641119003296,97136,3,1,True,Right,Front,Right,Centre,67
<_io.BytesIO object at 0x000002A17F345630>,0.44006961584091187,0.06895346939563751,0.22678549587726593,97136,3,1,True,Right,Front,Right,Centre,67
<_io.BytesIO object at 0x000002A113035630>,0.429813414812088,0.10482728481292725,0.17026662826538086,97136,3,1,True,Right,Front,Right,Centre,67
<_io.BytesIO object at 0x000002A112E82F90>,0.4627862870693207,0.1682279258966446,0.17183426022529602,97137,3,1,True,Right,Front,Right,Centre,67
<_io.BytesIO object at 0x000002A112E82950>,0.4890620708465576,0.14311181008815765,0.2653200924396515,97137,3,1,True,Right,Front,Right,Centre,67
<_io.BytesIO object at 0x000002A112E82180>,0.4248540699481964,0.14822256565093994,0.1888641119003296,97137,3,1,True,Right,Front,Right,Centre,67
<_io.BytesIO object at 0x000002A112E82EF0>,0.44006961584091187,0.06895346939563751,0.22678549587726593,97137,3,1,True,Right,Front,Right,Centre,67
<_io.BytesIO object at 0x000002A112E82040>,0.429813414812088,0.10482728481292725,0.17026662826538086,97137,3,1,True,Right,Front,Right,Centre,67
<_io.BytesIO object at 0x000002A112DDD900>,0.4627862870693207,0.1682279258966446,0.17183426022529602,97138,3,1,True,Right,Front,Right,Centre,67
<_io.BytesIO object at 0x000002A112DDDB80>,0.4890620708465576,0.14311181008815765,0.2653200924396515,97138,3,1,True,Right,Front,Right,Centre,67
<_io.BytesIO object at 0x000002A112DDDEA0>,0.4248540699481964,0.14822256565093994,0.1888641119003296,97138,3,1,True,Right,Front,Right,Centre,67
<_io.BytesIO object at 0x000002A112DDD1D0>,0.44006961584091187,0.06895346939563751,0.22678549587726593,97138,3,1,True,Right,Front,Right,Centre,67
<_io.BytesIO object at 0x000002A112DDFBD0>,0.429813414812088,0.10482728481292725,0.17026662826538086,97138,3,1,True,Right,Front,Right,Centre,67
<_io.BytesIO object at 0x000002A112E9B630>,0.4627862870693207,0.1682279258966446,0.17183426022529602,97139,3,1,True,Right,Front,Right,Centre,67
<_io.BytesIO object at 0x000002A112E9B5E0>,0.4890620708465576,0.14311181008815765,0.2653200924396515,97139,3,1,True,Right,Front,Right,Centre,67
<_io.BytesIO object at 0x000002A112E9B720>,0.4248540699481964,0.14822256565093994,0.1888641119003296,97139,3,1,True,Right,Front,Right,Centre,67
<_io.BytesIO object at 0x000002A112E9BAE0>,0.44006961584091187,0.06895346939563751,0.22678549587726593,97139,3,1,True,Right,Front,Right,Centre,67
<_io.BytesIO object at 0x000002A112E9BF90>,0.429813414812088,0.10482728481292725,0.17026662826538086,97139,3,1,True,Right,Front,Right,Centre,67
<_io.BytesIO object at 0x000002A112EB6AE0>,0.4627862870693207,0.1682279258966446,0.17183426022529602,97140,3,1,True,Right,Front,Right,Centre,67
<_io.BytesIO object at 0x000002A112EB60E0>,0.4890620708465576,0.14311181008815765,0.2653200924396515,97140,3,1,True,Right,Front,Right,Centre,67
<_io.BytesIO object at 0x000002A112DE7EF0>,0.4248540699481964,0.14822256565093994,0.1888641119003296,97140,3,1,True,Right,Front,Right,Centre,67
<_io.BytesIO object at 0x000002A112DE7F40>,0.44006961584091187,0.06895346939563751,0.22678549587726593,97140,3,1,True,Right,Front,Right,Centre,67
<_io.BytesIO object at 0x000002A112DE7810>,0.429813414812088,0.10482728481292725,0.17026662826538086,97140,3,1,True,Right,Front,Right,Centre,67
<_io.BytesIO object at 0x000002A112DC7540>,0.4627862870693207,0.1682279258966446,0.17183426022529602,97141,3,1,True,Right,Front,Right,Centre,67
<_io.BytesIO object at 0x000002A112DC7770>,0.4890620708465576,0.14311181008815765,0.2653200924396515,97141,3,1,True,Right,Front,Right,Centre,67
<_io.BytesIO object at 0x000002A112DC7950>,0.4248540699481964,0.14822256565093994,0.1888641119003296,97141,3,1,True,Right,Front,Right,Centre,67
<_io.BytesIO object at 0x000002A112DC7B30>,0.44006961584091187,0.06895346939563751,0.22678549587726593,97141,3,1,True,Right,Front,Right,Centre,67
<_io.BytesIO object at 0x000002A112DC7D10>,0.429813414812088,0.10482728481292725,0.17026662826538086,97141,3,1,True,Right,Front,Right,Centre,67
<_io.BytesIO object at 0x000002A112DC49F0>,0.4627862870693207,0.1682279258966446,0.17183426022529602,97142,3,1,True,Right,Front,Right,Centre,67
<_io.BytesIO object at 0x000002A112DC4C20>,0.4890620708465576,0.14311181008815765,0.2653200924396515,97142,3,1,True,Right,Front,Right,Centre,67
<_io.BytesIO object at 0x000002A112DC4E00>,0.4248540699481964,0.14822256565093994,0.1888641119003296,97142,3,1,True,Right,Front,Right,Centre,67
<_io.BytesIO object at 0x000002A112DBB040>,0.44006961584091187,0.06895346939563751,0.22678549587726593,97142,3,1,True,Right,Front,Right,Centre,67
<_io.BytesIO object at 0x000002A112DBB220>,0.429813414812088,0.10482728481292725,0.17026662826538086,97142,3,1,True,Right,Front,Right,Centre,67
<_io.BytesIO object at 0x000002A112DDD900>,0.4627862870693207,0.1682279258966446,0.17183426022529602,97143,3,1,True,Right,Front,Right,Centre,67
<_io.BytesIO object at 0x000002A112DDD590>,0.4890620708465576,0.14311181008815765,0.2653200924396515,97143,3,1,True,Right,Front,Right,Centre,67
<_io.BytesIO object at 0x000002A112DDD360>,0.4248540699481964,0.14822256565093994,0.1888641119003296,97143,3,1,True,Right,Front,Right,Centre,67
<_io.BytesIO object at 0x000002A112DDD0E0>,0.44006961584091187,0.06895346939563751,0.22678549587726593,97143,3,1,True,Right,Front,Right,Centre,67
<_io.BytesIO object at 0x000002A112DE7D10>,0.429813414812088,0.10482728481292725,0.17026662826538086,97143,3,1,True,Right,Front,Right,Centre,67
<_io.BytesIO object at 0x000002A17F345400>,0.4627862870693207,0.1682279258966446,0.17183426022529602,97144,3,1,True,Right,Front,Right,Centre,67
<_io.BytesIO object at 0x000002A17F3454A0>,0.4890620708465576,0.14311181008815765,0.2653200924396515,97144,3,1,True,Right,Front,Right,Centre,67
<_io.BytesIO object at 0x000002A17F345180>,0.4248540699481964,0.14822256565093994,0.1888641119003296,97144,3,1,True,Right,Front,Right,Centre,67
<_io.BytesIO object at 0x000002A1130359F0>,0.44006961584091187,0.06895346939563751,0.22678549587726593,97144,3,1,True,Right,Front,Right,Centre,67
<_io.BytesIO object at 0x000002A113035900>,0.429813414812088,0.10482728481292725,0.17026662826538086,97144,3,1,True,Right,Front,Right,Centre,67
<_io.BytesIO object at 0x000002A112E96130>,0.4627862870693207,0.1682279258966446,0.17183426022529602,97145,3,1,True,Right,Front,Right,Centre,67
<_io.BytesIO object at 0x000002A112E96590>,0.4890620708465576,0.14311181008815765,0.2653200924396515,97145,3,1,True,Right,Front,Right,Centre,67
<_io.BytesIO object at 0x000002A112E96BD0>,0.4248540699481964,0.14822256565093994,0.1888641119003296,97145,3,1,True,Right,Front,Right,Centre,67
<_io.BytesIO object at 0x000002A112E969F0>,0.44006961584091187,0.06895346939563751,0.22678549587726593,97145,3,1,True,Right,Front,Right,Centre,67
<_io.BytesIO object at 0x000002A112E96EA0>,0.429813414812088,0.10482728481292725,0.17026662826538086,97145,3,1,True,Right,Front,Right,Centre,67
<_io.BytesIO object at 0x000002A112DC19F0>,0.4627862870693207,0.1682279258966446,0.17183426022529602,97146,3,1,True,Right,Front,Right,Centre,67
<_io.BytesIO object at 0x000002A112DC1C20>,0.4890620708465576,0.14311181008815765,0.2653200924396515,97146,3,1,True,Right,Front,Right,Centre,67
<_io.BytesIO object at 0x000002A112DC1E00>,0.4248540699481964,0.14822256565093994,0.1888641119003296,97146,3,1,True,Right,Front,Right,Centre,67
<_io.BytesIO object at 0x000002A112DC7F90>,0.44006961584091187,0.06895346939563751,0.22678549587726593,97146,3,1,True,Right,Front,Right,Centre,67
<_io.BytesIO object at 0x000002A112DC7BD0>,0.429813414812088,0.10482728481292725,0.17026662826538086,97146,3,1,True,Right,Front,Right,Centre,67
<_io.BytesIO object at 0x000002A112E82B30>,0.4627862870693207,0.1682279258966446,0.17183426022529602,97147,3,1,True,Right,Front,Right,Centre,67
<_io.BytesIO object at 0x000002A112E826D0>,0.4890620708465576,0.14311181008815765,0.2653200924396515,97147,3,1,True,Right,Front,Right,Centre,67
<_io.BytesIO object at 0x000002A112E822C0>,0.4248540699481964,0.14822256565093994,0.1888641119003296,97147,3,1,True,Right,Front,Right,Centre,67
<_io.BytesIO object at 0x000002A112E827C0>,0.44006961584091187,0.06895346939563751,0.22678549587726593,97147,3,1,True,Right,Front,Right,Centre,67
<_io.BytesIO object at 0x000002A112E82A40>,0.429813414812088,0.10482728481292725,0.17026662826538086,97147,3,1,True,Right,Front,Right,Centre,67
<_io.BytesIO object at 0x000002A112E9B310>,0.4627862870693207,0.1682279258966446,0.17183426022529602,97148,3,1,True,Right,Front,Right,Centre,67
<_io.BytesIO object at 0x000002A112E9B590>,0.4890620708465576,0.14311181008815765,0.2653200924396515,97148,3,1,True,Right,Front,Right,Centre,67
<_io.BytesIO object at 0x000002A1130354A0>,0.4248540699481964,0.14822256565093994,0.1888641119003296,97148,3,1,True,Right,Front,Right,Centre,67
<_io.BytesIO object at 0x000002A1130359A0>,0.44006961584091187,0.06895346939563751,0.22678549587726593,97148,3,1,True,Right,Front,Right,Centre,67
<_io.BytesIO object at 0x000002A1130353B0>,0.429813414812088,0.10482728481292725,0.17026662826538086,97148,3,1,True,Right,Front,Right,Centre,67
<_io.BytesIO object at 0x000002A112DE77C0>,0.4627862870693207,0.1682279258966446,0.17183426022529602,97149,3,1,True,Right,Front,Right,Centre,67
<_io.BytesIO object at 0x000002A112DE7B30>,0.4890620708465576,0.14311181008815765,0.2653200924396515,97149,3,1,True,Right,Front,Right,Centre,67
<_io.BytesIO object at 0x000002A112DE7770>,0.4248540699481964,0.14822256565093994,0.1888641119003296,97149,3,1,True,Right,Front,Right,Centre,67
<_io.BytesIO object at 0x000002A112DE7400>,0.44006961584091187,0.06895346939563751,0.22678549587726593,97149,3,1,True,Right,Front,Right,Centre,67
<_io.BytesIO object at 0x000002A112DE7270>,0.429813414812088,0.10482728481292725,0.17026662826538086,97149,3,1,True,Right,Front,Right,Centre,67
<_io.BytesIO object at 0x000002A112DE3720>,0.4627862870693207,0.1682279258966446,0.17183426022529602,97150,3,1,True,Right,Front,Right,Centre,67
<_io.BytesIO object at 0x000002A112DE3950>,0.4890620708465576,0.14311181008815765,0.2653200924396515,97150,3,1,True,Right,Front,Right,Centre,67
<_io.BytesIO object at 0x000002A112DE3B30>,0.4248540699481964,0.14822256565093994,0.1888641119003296,97150,3,1,True,Right,Front,Right,Centre,67
<_io.BytesIO object at 0x000002A112DE3D10>,0.44006961584091187,0.06895346939563751,0.22678549587726593,97150,3,1,True,Right,Front,Right,Centre,67
<_io.BytesIO object at 0x000002A112DE3EF0>,0.429813414812088,0.10482728481292725,0.17026662826538086,97150,3,1,True,Right,Front,Right,Centre,67
<_io.BytesIO object at 0x000002A112DEEB80>,0.4627862870693207,0.1682279258966446,0.17183426022529602,97151,3,1,True,Right,Front,Right,Centre,67
<_io.BytesIO object at 0x000002A112DEE810>,0.4890620708465576,0.14311181008815765,0.2653200924396515,97151,3,1,True,Right,Front,Right,Centre,67
<_io.BytesIO object at 0x000002A112DEE400>,0.4248540699481964,0.14822256565093994,0.1888641119003296,97151,3,1,True,Right,Front,Right,Centre,67
<_io.BytesIO object at 0x000002A112DEE0E0>,0.44006961584091187,0.06895346939563751,0.22678549587726593,97151,3,1,True,Right,Front,Right,Centre,67
<_io.BytesIO object at 0x000002A112DEE090>,0.429813414812088,0.10482728481292725,0.17026662826538086,97151,3,1,True,Right,Front,Right,Centre,67
<_io.BytesIO object at 0x000002A112EB7C20>,0.4627862870693207,0.1682279258966446,0.17183426022529602,97152,3,1,True,Right,Front,Right,Centre,67
<_io.BytesIO object at 0x000002A17F345540>,0.4890620708465576,0.14311181008815765,0.2653200924396515,97152,3,1,True,Right,Front,Right,Centre,67
<_io.BytesIO object at 0x000002A17F3456D0>,0.4248540699481964,0.14822256565093994,0.1888641119003296,97152,3,1,True,Right,Front,Right,Centre,67
<_io.BytesIO object at 0x000002A17F345090>,0.44006961584091187,0.06895346939563751,0.22678549587726593,97152,3,1,True,Right,Front,Right,Centre,67
<_io.BytesIO object at 0x000002A17F3454F0>,0.429813414812088,0.10482728481292725,0.17026662826538086,97152,3,1,True,Right,Front,Right,Centre,67
<_io.BytesIO object at 0x000002A112E96810>,0.4627862870693207,0.1682279258966446,0.17183426022529602,97153,3,1,True,Right,Front,Right,Centre,67
<_io.BytesIO object at 0x000002A112E96540>,0.4890620708465576,0.14311181008815765,0.2653200924396515,97153,3,1,True,Right,Front,Right,Centre,67
<_io.BytesIO object at 0x000002A112E96AE0>,0.4248540699481964,0.14822256565093994,0.1888641119003296,97153,3,1,True,Right,Front,Right,Centre,67
<_io.BytesIO object at 0x000002A112E96A40>,0.44006961584091187,0.06895346939563751,0.22678549587726593,97153,3,1,True,Right,Front,Right,Centre,67
<_io.BytesIO object at 0x000002A112E963B0>,0.429813414812088,0.10482728481292725,0.17026662826538086,97153,3,1,True,Right,Front,Right,Centre,67
<_io.BytesIO object at 0x000002A112DDD770>,0.4627862870693207,0.1682279258966446,0.17183426022529602,97154,3,1,True,Right,Front,Right,Centre,67
<_io.BytesIO object at 0x000002A112DDD9A0>,0.4890620708465576,0.14311181008815765,0.2653200924396515,97154,3,1,True,Right,Front,Right,Centre,67
<_io.BytesIO object at 0x000002A112DDDB80>,0.4248540699481964,0.14822256565093994,0.1888641119003296,97154,3,1,True,Right,Front,Right,Centre,67
<_io.BytesIO object at 0x000002A112DDDD60>,0.44006961584091187,0.06895346939563751,0.22678549587726593,97154,3,1,True,Right,Front,Right,Centre,67
<_io.BytesIO object at 0x000002A112DDDF40>,0.429813414812088,0.10482728481292725,0.17026662826538086,97154,3,1,True,Right,Front,Right,Centre,67
<_io.BytesIO object at 0x000002A112E82EF0>,0.4627862870693207,0.1682279258966446,0.17183426022529602,97155,3,1,True,Right,Front,Right,Centre,67
<_io.BytesIO object at 0x000002A112E82540>,0.4890620708465576,0.14311181008815765,0.2653200924396515,97155,3,1,True,Right,Front,Right,Centre,67
<_io.BytesIO object at 0x000002A112E82D10>,0.4248540699481964,0.14822256565093994,0.1888641119003296,97155,3,1,True,Right,Front,Right,Centre,67
<_io.BytesIO object at 0x000002A112E82AE0>,0.44006961584091187,0.06895346939563751,0.22678549587726593,97155,3,1,True,Right,Front,Right,Centre,67
<_io.BytesIO object at 0x000002A112E82180>,0.429813414812088,0.10482728481292725,0.17026662826538086,97155,3,1,True,Right,Front,Right,Centre,67
<_io.BytesIO object at 0x000002A112E9BE00>,0.4627862870693207,0.1682279258966446,0.17183426022529602,97156,3,1,True,Right,Front,Right,Centre,67
<_io.BytesIO object at 0x000002A112E9B770>,0.4890620708465576,0.14311181008815765,0.2653200924396515,97156,3,1,True,Right,Front,Right,Centre,67
<_io.BytesIO object at 0x000002A113035A90>,0.4248540699481964,0.14822256565093994,0.1888641119003296,97156,3,1,True,Right,Front,Right,Centre,67
<_io.BytesIO object at 0x000002A113035680>,0.44006961584091187,0.06895346939563751,0.22678549587726593,97156,3,1,True,Right,Front,Right,Centre,67
<_io.BytesIO object at 0x000002A1130353B0>,0.429813414812088,0.10482728481292725,0.17026662826538086,97156,3,1,True,Right,Front,Right,Centre,67
<_io.BytesIO object at 0x000002A112DE7770>,0.4627862870693207,0.1682279258966446,0.17183426022529602,97157,3,1,True,Right,Front,Right,Centre,67
<_io.BytesIO object at 0x000002A112DE7D60>,0.4890620708465576,0.14311181008815765,0.2653200924396515,97157,3,1,True,Right,Front,Right,Centre,67
<_io.BytesIO object at 0x000002A112DE7810>,0.4248540699481964,0.14822256565093994,0.1888641119003296,97157,3,1,True,Right,Front,Right,Centre,67
<_io.BytesIO object at 0x000002A112DE7040>,0.44006961584091187,0.06895346939563751,0.22678549587726593,97157,3,1,True,Right,Front,Right,Centre,67
<_io.BytesIO object at 0x000002A112DE7AE0>,0.429813414812088,0.10482728481292725,0.17026662826538086,97157,3,1,True,Right,Front,Right,Centre,67
<_io.BytesIO object at 0x000002A112DE6770>,0.4627862870693207,0.1682279258966446,0.17183426022529602,97158,3,1,True,Right,Front,Right,Centre,67
<_io.BytesIO object at 0x000002A112DE69A0>,0.4890620708465576,0.14311181008815765,0.2653200924396515,97158,3,1,True,Right,Front,Right,Centre,67
<_io.BytesIO object at 0x000002A112DE6B80>,0.4248540699481964,0.14822256565093994,0.1888641119003296,97158,3,1,True,Right,Front,Right,Centre,67
<_io.BytesIO object at 0x000002A112DE6D60>,0.44006961584091187,0.06895346939563751,0.22678549587726593,97158,3,1,True,Right,Front,Right,Centre,67
<_io.BytesIO object at 0x000002A112DE6F40>,0.429813414812088,0.10482728481292725,0.17026662826538086,97158,3,1,True,Right,Front,Right,Centre,67
<_io.BytesIO object at 0x000002A112DEEBD0>,0.4627862870693207,0.1682279258966446,0.17183426022529602,97159,3,1,True,Right,Front,Right,Centre,67
<_io.BytesIO object at 0x000002A112DEE720>,0.4890620708465576,0.14311181008815765,0.2653200924396515,97159,3,1,True,Right,Front,Right,Centre,67
<_io.BytesIO object at 0x000002A112DEE680>,0.4248540699481964,0.14822256565093994,0.1888641119003296,97159,3,1,True,Right,Front,Right,Centre,67
<_io.BytesIO object at 0x000002A112DEE0E0>,0.44006961584091187,0.06895346939563751,0.22678549587726593,97159,3,1,True,Right,Front,Right,Centre,67
<_io.BytesIO object at 0x000002A112DEE1D0>,0.429813414812088,0.10482728481292725,0.17026662826538086,97159,3,1,True,Right,Front,Right,Centre,67
