asset_type ,asset_ID ,pos_x               ,pos_y                ,pos_z               ,rot_w                   ,rot_x                   ,rot_y                   ,rot_z              ,error                 ,tracking_validity ,block_num ,trial_num ,block_task ,block_hand ,target_loc    ,distractor_loc
RigidBody  ,       1 ,0.3051219880580902  ,0.0210390817373991   ,0.17706546187400818 ,-0.0003016736591234803  ,1.7026246496243402e-5   ,8.940531188272871e-6    ,1.0                ,1.365436583000701e-5  ,                1 ,        1 ,        1 ,Backhand   ,RightHand  ,Right-Target  ,Centre-Distractor
RigidBody  ,       1 ,0.30512291193008423 ,0.02103767730295658  ,0.17706552147865295 ,-0.00028228556038811803 ,2.0685791241703555e-5   ,-2.2118258129921742e-5  ,1.0                ,1.2436807992344256e-5 ,                1 ,        1 ,        1 ,Backhand   ,RightHand  ,Right-Target  ,Centre-Distractor
RigidBody  ,       1 ,0.3051268458366394  ,0.021041972562670708 ,0.1770620197057724  ,-0.0003923243493773043  ,-0.0001027491525746882  ,-5.4683150665368885e-6  ,1.0                ,1.4965479749662336e-5 ,                1 ,        1 ,        1 ,Backhand   ,RightHand  ,Right-Target  ,Centre-Distractor
RigidBody  ,       1 ,0.30512040853500366 ,0.021041227504611015 ,0.1770748794078827  ,-0.00038237497210502624 ,8.614906982984394e-5    ,4.6382097934838384e-5   ,1.0                ,1.9106828403891995e-5 ,                1 ,        1 ,        1 ,Backhand   ,RightHand  ,Right-Target  ,Centre-Distractor
RigidBody  ,       1 ,0.30512166023254394 ,0.021041318774223328 ,0.17706935107707977 ,-0.0003718732332345098  ,4.935202014166862e-5    ,-5.1387760322541e-5     ,1.0                ,1.3846429283148609e-5 ,                1 ,        1 ,        1 ,Backhand   ,RightHand  ,Right-Target  ,Centre-Distractor
RigidBody  ,       1 ,0.3051283359527588  ,0.021039413288235664 ,0.1770581603050232  ,-0.00038974834023974836 ,-0.00011992461077170447 ,-4.82691893921583e-6    ,1.0                ,1.6948515622061677e-5 ,                1 ,        1 ,        1 ,Backhand   ,RightHand  ,Right-Target  ,Centre-Distractor
RigidBody  ,       1 ,0.3051251471042633  ,0.02104153111577034  ,0.1770678162574768  ,-0.0003809232439380139  ,2.4580946046626195e-5   ,1.489656938247208e-6    ,1.0                ,1.04912123788381e-5   ,                1 ,        1 ,        1 ,Backhand   ,RightHand  ,Right-Target  ,Centre-Distractor
RigidBody  ,       1 ,0.30512669682502747 ,0.0210430845618248   ,0.17706525325775146 ,-0.0003244742110837251  ,-8.653142140246928e-5   ,-3.976174411945976e-5   ,1.0                ,1.0236139132757671e-5 ,                1 ,        1 ,        2 ,Backhand   ,RightHand  ,Left-Target   ,Centre-Distractor
RigidBody  ,       1 ,0.305117130279541   ,0.021041763946413994 ,0.17707958817481995 ,-0.0004441766068339348  ,0.00012091585085727274  ,5.645976489176974e-5    ,0.9999998807907104 ,1.7005781046464108e-5 ,                1 ,        1 ,        2 ,Backhand   ,RightHand  ,Left-Target   ,Centre-Distractor
RigidBody  ,       1 ,0.3051203787326813  ,0.021046768873929977 ,0.17707642912864685 ,-0.00024077147827483714 ,3.455323167145252e-5    ,5.091216621622152e-7    ,1.0                ,1.4000546798342839e-5 ,                1 ,        1 ,        2 ,Backhand   ,RightHand  ,Left-Target   ,Centre-Distractor
RigidBody  ,       1 ,0.30512645840644836 ,0.021043526008725166 ,0.17706434428691864 ,-0.0003457427374087274  ,-0.00012561510084196925 ,-5.251901711744722e-6   ,1.0                ,1.0898475011344999e-5 ,                1 ,        1 ,        2 ,Backhand   ,RightHand  ,Left-Target   ,Centre-Distractor
RigidBody  ,       1 ,0.30512702465057373 ,0.021043719723820686 ,0.17706841230392456 ,-0.0003068079240620136  ,-6.421082798624411e-5   ,6.964855856494978e-5    ,1.0                ,1.2126472938689403e-5 ,                1 ,        1 ,        2 ,Backhand   ,RightHand  ,Left-Target   ,Centre-Distractor
RigidBody  ,       1 ,0.3051222264766693  ,0.02104749344289303  ,0.17707528173923492 ,-0.0002596818667370826  ,7.014843049546471e-6    ,4.972763417754322e-5    ,1.0                ,1.6117481209221296e-5 ,                1 ,        1 ,        2 ,Backhand   ,RightHand  ,Left-Target   ,Centre-Distractor
RigidBody  ,       1 ,0.30512183904647827 ,0.02104835957288742  ,0.17707745730876923 ,-0.00027234607841819525 ,1.098422217182815e-5    ,-4.033028380945325e-5   ,1.0                ,1.443274140910944e-5  ,                1 ,        1 ,        2 ,Backhand   ,RightHand  ,Left-Target   ,Centre-Distractor
RigidBody  ,       1 ,0.30512580275535583 ,0.021041976287961006 ,0.17706014215946197 ,-0.0004197359085083008  ,-0.00013356540875975043 ,-3.525197462295182e-5   ,0.9999998807907104 ,1.7472098988946527e-5 ,                1 ,        1 ,        3 ,Backhand   ,RightHand  ,Left-Target   ,Right-Distractor
RigidBody  ,       1 ,0.30512359738349915 ,0.021044066175818443 ,0.17707237601280212 ,-0.0003609763225540519  ,-1.760039413056802e-5   ,-5.115900785312988e-5   ,1.0                ,1.2538373994175345e-5 ,                1 ,        1 ,        3 ,Backhand   ,RightHand  ,Left-Target   ,Right-Distractor
RigidBody  ,       1 ,0.3051282465457916  ,0.021042896434664726 ,0.17706650495529175 ,-0.00034284486901015043 ,-9.749436867423356e-5   ,-6.01316278334707e-5    ,1.0                ,1.0531980478845071e-5 ,                1 ,        1 ,        3 ,Backhand   ,RightHand  ,Left-Target   ,Right-Distractor
RigidBody  ,       1 ,0.30512359738349915 ,0.021047137677669525 ,0.17707324028015137 ,-0.0002789558202493936  ,3.1695781217422336e-5   ,1.3546891750593204e-5   ,1.0                ,1.5022986190160736e-5 ,                1 ,        1 ,        3 ,Backhand   ,RightHand  ,Left-Target   ,Right-Distractor
RigidBody  ,       1 ,0.3051197826862335  ,0.021040210500359535 ,0.17708086967468262 ,-0.000409541156841442   ,0.00012105747009627521  ,0.00011107238242402673  ,0.9999998807907104 ,1.48700964928139e-5   ,                1 ,        1 ,        3 ,Backhand   ,RightHand  ,Left-Target   ,Right-Distractor
RigidBody  ,       1 ,0.3051278591156006  ,0.02104354090988636  ,0.17706848680973053 ,-0.00042686364031396806 ,-8.946417801780626e-5   ,2.5774916139198467e-5   ,0.9999998807907104 ,1.3478502296493389e-5 ,                1 ,        1 ,        3 ,Backhand   ,RightHand  ,Left-Target   ,Right-Distractor
RigidBody  ,       1 ,0.30512115359306335 ,0.021043919026851654 ,0.1770775318145752  ,-0.0001776466378942132  ,7.635436486452818e-5    ,1.649449040996842e-5    ,1.0                ,1.589590283401776e-5  ,                1 ,        1 ,        4 ,Backhand   ,RightHand  ,Centre-Target ,Right-Distractor
RigidBody  ,       1 ,0.30512478947639465 ,0.021044230088591576 ,0.17707805335521698 ,-0.00020091694022994488 ,5.136655818205327e-5    ,8.000492925930303e-7    ,1.0                ,1.5019455531728454e-5 ,                1 ,        1 ,        4 ,Backhand   ,RightHand  ,Centre-Target ,Right-Distractor
RigidBody  ,       1 ,0.3051254451274872  ,0.021039268001914024 ,0.1770642101764679  ,-0.00030645690276287496 ,-9.551970288157463e-5   ,-3.715286584338173e-5   ,1.0                ,1.1021071259165183e-5 ,                1 ,        1 ,        4 ,Backhand   ,RightHand  ,Centre-Target ,Right-Distractor
RigidBody  ,       1 ,0.3051287829875946  ,0.02104281075298786  ,0.17706459760665894 ,-0.00039125230978243053 ,-8.106298628263175e-5   ,-9.655923349782825e-5   ,1.0                ,1.4214026123227086e-5 ,                1 ,        1 ,        4 ,Backhand   ,RightHand  ,Centre-Target ,Right-Distractor
RigidBody  ,       1 ,0.3051295280456543  ,0.021041829138994217 ,0.1770651489496231  ,-0.0003154703590553254  ,-8.634441473986953e-5   ,2.2029964384273626e-5   ,1.0                ,1.0528905477258377e-5 ,                1 ,        1 ,        4 ,Backhand   ,RightHand  ,Centre-Target ,Right-Distractor
RigidBody  ,       1 ,0.30512359738349915 ,0.02104208804666996  ,0.1770770400762558  ,-0.00024035631213337183 ,4.478632035898045e-5    ,-0.0001026397367240861  ,1.0                ,1.630157930776477e-5  ,                1 ,        1 ,        4 ,Backhand   ,RightHand  ,Centre-Target ,Right-Distractor
RigidBody  ,       1 ,0.30512553453445435 ,0.021038077771663666 ,0.17707239091396332 ,-0.0005072997300885618  ,-8.12018242868362e-6    ,2.6251693270751275e-5   ,0.9999998807907104 ,1.2328128832450602e-5 ,                1 ,        1 ,        5 ,Backhand   ,RightHand  ,Right-Target  ,Left-Distractor
RigidBody  ,       1 ,0.3051239550113678  ,0.02104239910840988  ,0.17707696557044983 ,-0.0002661696926224977  ,6.180717173265293e-5    ,-3.421676592552103e-5   ,1.0                ,1.567649087519385e-5  ,                1 ,        1 ,        5 ,Backhand   ,RightHand  ,Right-Target  ,Left-Distractor
RigidBody  ,       1 ,0.30512481927871704 ,0.021040810272097588 ,0.17706824839115143 ,-0.00029572585481218994 ,-8.820317452773452e-5   ,-4.190326581010595e-5   ,1.0                ,1.1175165127497166e-5 ,                1 ,        1 ,        5 ,Backhand   ,RightHand  ,Right-Target  ,Left-Distractor
RigidBody  ,       1 ,0.30512598156929016 ,0.02104315347969532  ,0.17707224190235138 ,-0.0003079677699133754  ,-0.00011714200081769377 ,-1.261951638298342e-5   ,1.0                ,1.1031707799702417e-5 ,                1 ,        1 ,        5 ,Backhand   ,RightHand  ,Right-Target  ,Left-Distractor
RigidBody  ,       1 ,0.30512744188308716 ,0.021041614934802055 ,0.17707154154777527 ,-0.0003728267038241029  ,-6.701226811856031e-5   ,-3.779886901611462e-5   ,1.0                ,1.0538373317103833e-5 ,                1 ,        1 ,        5 ,Backhand   ,RightHand  ,Right-Target  ,Left-Distractor
RigidBody  ,       1 ,0.3051295280456543  ,0.021041596308350563 ,0.17706748843193054 ,-0.00030896614771336317 ,-8.118141704471782e-5   ,-2.8642731194850057e-5  ,1.0                ,9.504582521913107e-6  ,                1 ,        1 ,        5 ,Backhand   ,RightHand  ,Right-Target  ,Left-Distractor
RigidBody  ,       1 ,0.30512309074401855 ,0.021044524386525154 ,0.17707765102386475 ,-0.0003193304582964629  ,2.1692168957088143e-5   ,-5.086039163870737e-5   ,1.0                ,1.5236888430081308e-5 ,                1 ,        1 ,        6 ,Backhand   ,RightHand  ,Centre-Target ,Left-Distractor
RigidBody  ,       1 ,0.30512309074401855 ,0.021043501794338226 ,0.1770773082971573  ,-0.000263310968875885   ,2.3091524781193584e-5   ,-3.360522532602772e-5   ,1.0                ,1.2740698366542347e-5 ,                1 ,        1 ,        6 ,Backhand   ,RightHand  ,Centre-Target ,Left-Distractor
RigidBody  ,       1 ,0.3051169812679291  ,0.021036118268966675 ,0.17704425752162933 ,-0.00020144991867709905 ,-0.00044358480954542756 ,6.740494427504018e-5    ,0.9999998807907104 ,2.7251706342212856e-5 ,                1 ,        1 ,        6 ,Backhand   ,RightHand  ,Centre-Target ,Left-Distractor
RigidBody  ,       1 ,0.30511122941970825 ,0.02103578671813011  ,0.1770511120557785  ,-0.00023893440084066242 ,-0.00041166332084685564 ,0.0001253787340829149   ,0.9999998807907104 ,3.678720531752333e-5  ,                1 ,        1 ,        6 ,Backhand   ,RightHand  ,Centre-Target ,Left-Distractor
RigidBody  ,       1 ,0.3051236569881439  ,0.021041685715317726 ,0.1770772635936737  ,-0.000282084132777527   ,6.626758840866387e-5    ,-9.734975901665166e-5   ,1.0                ,1.4236018614610657e-5 ,                1 ,        1 ,        6 ,Backhand   ,RightHand  ,Centre-Target ,Left-Distractor
RigidBody  ,       1 ,0.30511951446533203 ,0.02103642374277115  ,0.1770738661289215  ,-0.00040134479058906436 ,0.000101346944575198    ,1.2769321983796544e-5   ,1.0                ,2.0296945876907557e-5 ,                1 ,        1 ,        6 ,Backhand   ,RightHand  ,Centre-Target ,Left-Distractor
RigidBody  ,       1 ,0.305122971534729   ,0.021040599793195724 ,0.17707443237304687 ,-0.0003062718315050006  ,1.846831764851231e-5    ,-2.07577868422959e-5    ,1.0                ,1.0992625902872533e-5 ,                1 ,        2 ,        1 ,Backhand   ,LeftHand   ,Left-Target   ,Centre-Distractor
RigidBody  ,       1 ,0.3051288425922394  ,0.02104073576629162  ,0.1770659238100052  ,-0.00029408250702545047 ,-0.0001083572133211419  ,-3.900411684298888e-6   ,1.0                ,1.1375728718121536e-5 ,                1 ,        2 ,        1 ,Backhand   ,LeftHand   ,Left-Target   ,Centre-Distractor
RigidBody  ,       1 ,0.3051268458366394  ,0.021042361855506897 ,0.17708085477352142 ,-0.00021312820899765938 ,3.8678386772517115e-5   ,-2.987234438478481e-5   ,1.0                ,1.4294184438767843e-5 ,                1 ,        2 ,        1 ,Backhand   ,LeftHand   ,Left-Target   ,Centre-Distractor
RigidBody  ,       1 ,0.30512359738349915 ,0.021041588857769966 ,0.17707635462284088 ,-0.00029337030719034374 ,2.3706605134066194e-5   ,-3.472267053439282e-5   ,1.0                ,1.2347951269475743e-5 ,                1 ,        2 ,        1 ,Backhand   ,LeftHand   ,Left-Target   ,Centre-Distractor
RigidBody  ,       1 ,0.305121511220932   ,0.021041929721832275 ,0.17707352340221405 ,-0.00022808046196587384 ,5.11960070070927e-6     ,-7.965412805788219e-6   ,1.0                ,1.4879123227728996e-5 ,                1 ,        2 ,        1 ,Backhand   ,LeftHand   ,Left-Target   ,Centre-Distractor
RigidBody  ,       1 ,0.30512306094169617 ,0.021038325503468513 ,0.17707037925720215 ,-0.0002910108887590468  ,3.9184989873319864e-5   ,-1.328616781393066e-5   ,1.0                ,1.026418340188684e-5  ,                1 ,        2 ,        1 ,Backhand   ,LeftHand   ,Left-Target   ,Centre-Distractor
RigidBody  ,       1 ,0.3051254153251648  ,0.021040774881839752 ,0.17707107961177826 ,-0.00028868208755739033 ,3.1798470445210114e-5   ,1.3105844118399546e-5   ,1.0                ,1.22032142826356e-5   ,                1 ,        2 ,        1 ,Backhand   ,LeftHand   ,Left-Target   ,Centre-Distractor
RigidBody  ,       1 ,0.3051258325576782  ,0.021037273108959198 ,0.17706717550754547 ,-0.0003010046202689409  ,-5.935508670518175e-5   ,1.6914204024942592e-5   ,1.0                ,1.4700613974127918e-5 ,                1 ,        2 ,        2 ,Backhand   ,LeftHand   ,Centre-Target ,Left-Distractor
RigidBody  ,       1 ,0.3051268458366394  ,0.021040773019194603 ,0.1770685613155365  ,-0.00028022174956277013 ,-9.453283564653248e-5   ,7.911914508440532e-6    ,1.0                ,1.1034788258257322e-5 ,                1 ,        2 ,        2 ,Backhand   ,LeftHand   ,Centre-Target ,Left-Distractor
RigidBody  ,       1 ,0.3051251471042633  ,0.02103528380393982  ,0.17707209289073944 ,-0.0005250050453469157  ,-7.50878025428392e-5    ,4.496646215557121e-5    ,0.9999998807907104 ,1.3527009286917746e-5 ,                1 ,        2 ,        2 ,Backhand   ,LeftHand   ,Centre-Target ,Left-Distractor
RigidBody  ,       1 ,0.30512505769729614 ,0.021040678024291992 ,0.17707885801792145 ,-0.00038218649569898844 ,-6.700665835523978e-6   ,5.008942935091909e-6    ,1.0                ,1.2790495020453818e-5 ,                1 ,        2 ,        2 ,Backhand   ,LeftHand   ,Centre-Target ,Left-Distractor
RigidBody  ,       1 ,0.3051246106624603  ,0.021042274311184883 ,0.17707325518131256 ,-0.00030240838532336056 ,-1.6947811673162505e-5  ,-2.617468635435216e-5   ,1.0                ,1.3156928616808727e-5 ,                1 ,        2 ,        2 ,Backhand   ,LeftHand   ,Centre-Target ,Left-Distractor
RigidBody  ,       1 ,0.3051249384880066  ,0.02104225568473339  ,0.17707465589046478 ,-0.0002471967018209398  ,3.525625652400777e-5    ,-6.6559441620484e-5     ,1.0                ,1.4840747098787688e-5 ,                1 ,        2 ,        2 ,Backhand   ,LeftHand   ,Centre-Target ,Left-Distractor
RigidBody  ,       1 ,0.30511999130249023 ,0.021040156483650207 ,0.17708386480808258 ,-0.00042796158231794834 ,0.00010623882553773001  ,-3.773525168071501e-5   ,0.9999998807907104 ,1.9554698155843653e-5 ,                1 ,        2 ,        3 ,Backhand   ,LeftHand   ,Left-Target   ,Right-Distractor
RigidBody  ,       1 ,0.30512261390686035 ,0.02104402333498001  ,0.17708294093608856 ,-0.00025679790996946394 ,6.137616583146155e-5    ,-3.4302749554626644e-5  ,1.0                ,1.6161495295818895e-5 ,                1 ,        2 ,        3 ,Backhand   ,LeftHand   ,Left-Target   ,Right-Distractor
RigidBody  ,       1 ,0.3051239252090454  ,0.021046191453933716 ,0.1770835965871811  ,-0.0002598032879177481  ,2.8943948564119637e-5   ,-2.3777276510372758e-5  ,1.0                ,1.3635142749990337e-5 ,                1 ,        2 ,        3 ,Backhand   ,LeftHand   ,Left-Target   ,Right-Distractor
RigidBody  ,       1 ,0.3051259517669678  ,0.02104252763092518  ,0.17707836627960205 ,-0.0002601632149890065  ,-0.00010280885908287019 ,1.6328456695191562e-5   ,1.0                ,9.706027412903495e-6  ,                1 ,        2 ,        3 ,Backhand   ,LeftHand   ,Left-Target   ,Right-Distractor
RigidBody  ,       1 ,0.30512723326683044 ,0.021043023094534874 ,0.17707107961177826 ,-0.00032221549190580845 ,-0.00010053325968328863 ,6.719904922647402e-5    ,1.0                ,1.2044769391650334e-5 ,                1 ,        2 ,        3 ,Backhand   ,LeftHand   ,Left-Target   ,Right-Distractor
RigidBody  ,       1 ,0.30512750148773193 ,0.02104261703789234  ,0.17707160115242004 ,-0.00027106355992145836 ,-5.93424410908483e-5    ,-5.778491322416812e-5   ,1.0                ,1.0966104127874132e-5 ,                1 ,        2 ,        3 ,Backhand   ,LeftHand   ,Left-Target   ,Right-Distractor
RigidBody  ,       1 ,0.30512112379074097 ,0.021039487794041634 ,0.17708371579647064 ,-0.00047158764209598303 ,7.050342537695542e-5    ,-4.1458213672740385e-5  ,0.9999998807907104 ,1.893089574878104e-5  ,                1 ,        2 ,        4 ,Backhand   ,LeftHand   ,Right-Target  ,Left-Distractor
RigidBody  ,       1 ,0.30512499809265137 ,0.02105015143752098  ,0.17708560824394226 ,-0.00029694492695853114 ,2.6373245418653823e-5   ,-9.911491360981017e-5   ,1.0                ,1.420066473656334e-5  ,                1 ,        2 ,        4 ,Backhand   ,LeftHand   ,Right-Target  ,Left-Distractor
RigidBody  ,       1 ,0.3051261007785797  ,0.021044911816716194 ,0.17707885801792145 ,-0.000353858747985214   ,-0.00010839971218956634 ,-6.371680501615629e-5   ,1.0                ,8.656354111735709e-6  ,                1 ,        2 ,        4 ,Backhand   ,LeftHand   ,Right-Target  ,Left-Distractor
RigidBody  ,       1 ,0.3051278591156006  ,0.02104216441512108  ,0.1770741045475006  ,-0.00038074946496635675 ,-0.00010362711327616125 ,-7.222041313070804e-5   ,1.0                ,8.20191235106904e-6   ,                1 ,        2 ,        4 ,Backhand   ,LeftHand   ,Right-Target  ,Left-Distractor
RigidBody  ,       1 ,0.30512452125549316 ,0.02104714885354042  ,0.17707975208759308 ,-0.0002405406121397391  ,4.227743193041533e-5    ,-4.639695544028655e-5   ,1.0                ,1.4780607671127655e-5 ,                1 ,        2 ,        4 ,Backhand   ,LeftHand   ,Right-Target  ,Left-Distractor
RigidBody  ,       1 ,0.30512839555740356 ,0.021040691062808037 ,0.17706890404224396 ,-0.00037443393375724554 ,-7.625014404766262e-5   ,-7.659167749807239e-5   ,1.0                ,1.23004265333293e-5   ,                1 ,        2 ,        4 ,Backhand   ,LeftHand   ,Right-Target  ,Left-Distractor
RigidBody  ,       1 ,0.30512627959251404 ,0.02103731408715248  ,0.17707385122776031 ,-0.0005576781113632023  ,-5.240527025307529e-5   ,-4.7054905735421926e-5  ,0.9999998807907104 ,1.125507515098434e-5  ,                1 ,        2 ,        4 ,Backhand   ,LeftHand   ,Right-Target  ,Left-Distractor
RigidBody  ,       1 ,0.3051232099533081  ,0.021038364619016647 ,0.17707382142543793 ,-0.0002683722705114633  ,2.253986895084381e-5    ,9.799607141758315e-6    ,1.0                ,1.2549884559120983e-5 ,                1 ,        2 ,        5 ,Backhand   ,LeftHand   ,Centre-Target ,Right-Distractor
RigidBody  ,       1 ,0.30512720346450806 ,0.0210406593978405   ,0.17706966400146484 ,-0.0003001617733389139  ,-7.423183706123382e-5   ,-6.0956706875003874e-5  ,1.0                ,1.1539434126461856e-5 ,                1 ,        2 ,        5 ,Backhand   ,LeftHand   ,Centre-Target ,Right-Distractor
RigidBody  ,       1 ,0.30512192845344543 ,0.021046092733740807 ,0.17708532512187958 ,-0.00025109812850132585 ,1.4235884009394795e-5   ,-5.177249477128498e-6   ,1.0                ,1.423385037924163e-5  ,                1 ,        2 ,        5 ,Backhand   ,LeftHand   ,Centre-Target ,Right-Distractor
RigidBody  ,       1 ,0.305120587348938   ,0.021039539948105812 ,0.17708764970302582 ,-0.00041407300159335136 ,9.785288420971483e-5    ,0.00011337711475789547  ,0.9999998807907104 ,1.751418130879756e-5  ,                1 ,        2 ,        5 ,Backhand   ,LeftHand   ,Centre-Target ,Right-Distractor
RigidBody  ,       1 ,0.3051273226737976  ,0.021037552505731583 ,0.1770661175251007  ,-0.00039225778891704977 ,-0.00015648787666577846 ,7.533348252763972e-5    ,0.9999998807907104 ,1.19467704280396e-5   ,                1 ,        2 ,        5 ,Backhand   ,LeftHand   ,Centre-Target ,Right-Distractor
RigidBody  ,       1 ,0.3051280975341797  ,0.02103806473314762  ,0.17705745995044708 ,-0.0003537468728609383  ,-0.0001378567685605958  ,1.9129569409415126e-5   ,1.0                ,1.2169802175776567e-5 ,                1 ,        2 ,        5 ,Backhand   ,LeftHand   ,Centre-Target ,Right-Distractor
RigidBody  ,       1 ,0.30511897802352905 ,0.021036215126514435 ,0.1770745813846588  ,-0.0005013903719373047  ,0.0001041790601448156   ,1.2026267540932167e-5   ,0.9999998807907104 ,1.6517828044015914e-5 ,                1 ,        2 ,        5 ,Backhand   ,LeftHand   ,Centre-Target ,Right-Distractor
RigidBody  ,       1 ,0.30512723326683044 ,0.021039290353655815 ,0.1770700365304947  ,-0.0002878325467463583  ,-0.00012808997416868806 ,8.80616789800115e-6     ,1.0                ,1.0847616067621857e-5 ,                1 ,        2 ,        6 ,Backhand   ,LeftHand   ,Right-Target  ,Centre-Distractor
RigidBody  ,       1 ,0.30512523651123047 ,0.021043933928012848 ,0.17708228528499603 ,-0.00028835824923589826 ,-2.4516197299817577e-5  ,-3.81436366296839e-5    ,1.0                ,1.330779014097061e-5  ,                1 ,        2 ,        6 ,Backhand   ,LeftHand   ,Right-Target  ,Centre-Distractor
RigidBody  ,       1 ,0.30512499809265137 ,0.02103949896991253  ,0.17707499861717224 ,-0.00026742700720205903 ,-8.211626845877618e-5   ,2.969736306113191e-5    ,1.0                ,1.1975818779319525e-5 ,                1 ,        2 ,        6 ,Backhand   ,LeftHand   ,Right-Target  ,Centre-Distractor
RigidBody  ,       1 ,0.3051193356513977  ,0.021040519699454308 ,0.17708119750022888 ,-0.00019419299496803433 ,3.0452676583081484e-5   ,1.3882601706427522e-5   ,1.0                ,1.566953505971469e-5  ,                1 ,        2 ,        6 ,Backhand   ,LeftHand   ,Right-Target  ,Centre-Distractor
RigidBody  ,       1 ,0.30512261390686035 ,0.02103753201663494  ,0.17707905173301697 ,-0.0004423684149514884  ,0.00011427974823163822  ,-2.721977944020182e-5   ,0.9999998807907104 ,1.903592965390999e-5  ,                1 ,        2 ,        6 ,Backhand   ,LeftHand   ,Right-Target  ,Centre-Distractor
RigidBody  ,       1 ,0.30512383580207825 ,0.02103998139500618  ,0.17708054184913635 ,-0.0002430790918879211  ,8.56567348819226e-5     ,3.610931344155688e-6    ,1.0                ,1.2115931895095855e-5 ,                1 ,        2 ,        6 ,Backhand   ,LeftHand   ,Right-Target  ,Centre-Distractor
RigidBody  ,       1 ,0.3051220774650574  ,0.021048394963145256 ,0.177089661359787   ,-0.00023926032008603215 ,5.122271250002086e-5    ,1.766773493727669e-5    ,1.0                ,1.3192127880756743e-5 ,                1 ,        3 ,        1 ,Forehand   ,RightHand  ,Right-Target  ,Centre-Distractor
RigidBody  ,       1 ,0.3051234185695648  ,0.021047499030828476 ,0.17708994448184967 ,-0.00024933888926170766 ,4.084058673470281e-5    ,-4.343127511674538e-5   ,1.0                ,1.3794382539344952e-5 ,                1 ,        3 ,        1 ,Forehand   ,RightHand  ,Right-Target  ,Centre-Distractor
RigidBody  ,       1 ,0.3051263988018036  ,0.02104680798947811  ,0.17708195745944977 ,-0.0003652023442555219  ,-0.0001303665485465899  ,-3.379119880264625e-5   ,1.0                ,9.645391401136294e-6  ,                1 ,        3 ,        1 ,Forehand   ,RightHand  ,Right-Target  ,Centre-Distractor
RigidBody  ,       1 ,0.30511176586151123 ,0.021046800538897514 ,0.17707061767578125 ,-0.00028410842060111463 ,-0.0003852497902698815  ,5.278052412904799e-5    ,0.9999998807907104 ,3.580921475077048e-5  ,                1 ,        3 ,        1 ,Forehand   ,RightHand  ,Right-Target  ,Centre-Distractor
RigidBody  ,       1 ,0.3051200807094574  ,0.021045643836259842 ,0.17709116637706757 ,-0.00021743433899246156 ,2.536306783440523e-5    ,-1.6506464817211963e-6  ,1.0                ,1.6943555237958208e-5 ,                1 ,        3 ,        1 ,Forehand   ,RightHand  ,Right-Target  ,Centre-Distractor
RigidBody  ,       1 ,0.30512121319770813 ,0.021041037514805794 ,0.17708627879619598 ,-0.00046052661491557956 ,0.00010212936467723921  ,-1.6605745258857496e-5  ,0.9999998807907104 ,1.6982790839392692e-5 ,                1 ,        3 ,        1 ,Forehand   ,RightHand  ,Right-Target  ,Centre-Distractor
RigidBody  ,       1 ,0.30511778593063354 ,0.021040963008999824 ,0.1770855188369751  ,-0.0004777224385179579  ,5.9715061070164666e-5   ,5.276384854369098e-6    ,0.9999998807907104 ,1.8954895494971424e-5 ,                1 ,        3 ,        2 ,Forehand   ,RightHand  ,Left-Target   ,Right-Distractor
RigidBody  ,       1 ,0.3051210045814514  ,0.021046729758381844 ,0.1770879626274109  ,-0.0003084764175582677  ,4.1113889892585576e-5   ,-3.737634324352257e-5   ,1.0                ,1.465544573875377e-5  ,                1 ,        3 ,        2 ,Forehand   ,RightHand  ,Left-Target   ,Right-Distractor
RigidBody  ,       1 ,0.3051198124885559  ,0.021045135334134102 ,0.1770874708890915  ,-0.00023853874881751835 ,3.970454417867586e-5    ,-2.1287594790919684e-5  ,1.0                ,1.4480632671620697e-5 ,                1 ,        3 ,        2 ,Forehand   ,RightHand  ,Left-Target   ,Right-Distractor
RigidBody  ,       1 ,0.30512189865112305 ,0.021048307418823242 ,0.17708832025527954 ,-0.0003375842934474349  ,5.198076178203337e-5    ,-6.879771535750479e-5   ,1.0                ,1.3483487236953806e-5 ,                1 ,        3 ,        2 ,Forehand   ,RightHand  ,Left-Target   ,Right-Distractor
RigidBody  ,       1 ,0.305120974779129   ,0.02104801870882511  ,0.17708948254585266 ,-0.0002848306321538985  ,3.3090949727920815e-5   ,-5.194649565964937e-5   ,1.0                ,1.6282909200526774e-5 ,                1 ,        3 ,        2 ,Forehand   ,RightHand  ,Left-Target   ,Right-Distractor
RigidBody  ,       1 ,0.3051200211048126  ,0.02103591524064541  ,0.17707885801792145 ,-0.00046238431241363287 ,-3.6920708225807175e-5  ,0.00010838186426553875  ,0.9999998807907104 ,1.5357594747911207e-5 ,                1 ,        3 ,        2 ,Forehand   ,RightHand  ,Left-Target   ,Right-Distractor
RigidBody  ,       1 ,0.30511796474456787 ,0.02103799395263195  ,0.17708688974380493 ,-0.00044561177492141724 ,0.00010648115130607039  ,1.3964246136310976e-5   ,0.9999998807907104 ,1.8528546206653118e-5 ,                1 ,        3 ,        2 ,Forehand   ,RightHand  ,Left-Target   ,Right-Distractor
RigidBody  ,       1 ,0.30512115359306335 ,0.021040499210357666 ,0.1770801544189453  ,-0.0005017836228944361  ,-1.705684007902164e-5   ,-1.5536140836047707e-6  ,0.9999998807907104 ,1.2196370335004758e-5 ,                1 ,        3 ,        3 ,Forehand   ,RightHand  ,Right-Target  ,Left-Distractor
RigidBody  ,       1 ,0.30511993169784546 ,0.021046698093414307 ,0.17709007859230041 ,-0.00020979781402274966 ,5.638713264488615e-5    ,-3.449109135544859e-5   ,1.0                ,1.3943104931968264e-5 ,                1 ,        3 ,        3 ,Forehand   ,RightHand  ,Right-Target  ,Left-Distractor
RigidBody  ,       1 ,0.3051259517669678  ,0.021048594266176224 ,0.17708240449428558 ,-0.00035666528856381774 ,-0.00011259036546107382 ,-2.3264925403054804e-5  ,1.0                ,1.0917821782641113e-5 ,                1 ,        3 ,        3 ,Forehand   ,RightHand  ,Right-Target  ,Left-Distractor
RigidBody  ,       1 ,0.3051190674304962  ,0.02104216068983078  ,0.1770903319120407  ,-0.00039180886233225465 ,6.708315049763769e-5    ,4.844382783630863e-5    ,1.0                ,1.6331685401382856e-5 ,                1 ,        3 ,        3 ,Forehand   ,RightHand  ,Right-Target  ,Left-Distractor
RigidBody  ,       1 ,0.3051224946975708  ,0.021042050793766975 ,0.17708101868629456 ,-0.0004590923781506717  ,-2.803648158078431e-6   ,5.6275646784342825e-5   ,0.9999998807907104 ,1.1495720173115842e-5 ,                1 ,        3 ,        3 ,Forehand   ,RightHand  ,Right-Target  ,Left-Distractor
RigidBody  ,       1 ,0.3051251173019409  ,0.021041154861450195 ,0.17707814276218414 ,-0.0005352504667825997  ,-5.255468931864016e-5   ,2.679417320905486e-6    ,0.9999998807907104 ,1.1204790098418016e-5 ,                1 ,        3 ,        3 ,Forehand   ,RightHand  ,Right-Target  ,Left-Distractor
RigidBody  ,       1 ,0.3051263988018036  ,0.02104610949754715  ,0.1770819127559662  ,-0.0003123171045444906  ,-8.575126412324607e-5   ,-4.969549263478257e-5   ,1.0                ,1.049442926159827e-5  ,                1 ,        3 ,        4 ,Forehand   ,RightHand  ,Left-Target   ,Centre-Distractor
RigidBody  ,       1 ,0.3051195740699768  ,0.021047238260507584 ,0.17708905041217804 ,-0.0002727717801462859  ,1.1739857654902153e-5   ,-5.295175469655078e-6   ,1.0                ,1.2532946129795164e-5 ,                1 ,        3 ,        4 ,Forehand   ,RightHand  ,Left-Target   ,Centre-Distractor
RigidBody  ,       1 ,0.3051249086856842  ,0.021043431013822555 ,0.17708337306976318 ,-0.0003072236431762576  ,-8.871729369275272e-5   ,6.019628017384093e-6    ,1.0                ,1.3876420780434273e-5 ,                1 ,        3 ,        4 ,Forehand   ,RightHand  ,Left-Target   ,Centre-Distractor
RigidBody  ,       1 ,0.3051222264766693  ,0.021046781912446022 ,0.17709088325500488 ,-0.00019311645883135498 ,4.3748750613303855e-6   ,1.4179761365085142e-7   ,1.0                ,1.530786721559707e-5  ,                1 ,        3 ,        4 ,Forehand   ,RightHand  ,Left-Target   ,Centre-Distractor
RigidBody  ,       1 ,0.3051217198371887  ,0.021046282723546028 ,0.17708943784236908 ,-0.0001831136323744431  ,3.0108803912298754e-5   ,2.8671764084720053e-5   ,1.0                ,1.45478361446294e-5   ,                1 ,        3 ,        4 ,Forehand   ,RightHand  ,Left-Target   ,Centre-Distractor
RigidBody  ,       1 ,0.30512359738349915 ,0.021044274792075157 ,0.17708373069763184 ,-0.0002392429014435038  ,5.775843874289421e-6    ,-4.2874158680206165e-5  ,1.0                ,1.3343116734176874e-5 ,                1 ,        3 ,        4 ,Forehand   ,RightHand  ,Left-Target   ,Centre-Distractor
RigidBody  ,       1 ,0.3051254153251648  ,0.02104390412569046  ,0.17707675695419311 ,-0.00028584219398908317 ,-9.267350833397359e-5   ,-1.8381859263172373e-5  ,1.0                ,1.0381378160673194e-5 ,                1 ,        3 ,        4 ,Forehand   ,RightHand  ,Left-Target   ,Centre-Distractor
RigidBody  ,       1 ,0.3051222860813141  ,0.021045181900262833 ,0.17708589136600494 ,-0.00016008078819140792 ,4.2267820390406996e-5   ,1.5540274034719914e-5   ,1.0                ,1.4865903722238727e-5 ,                1 ,        3 ,        5 ,Forehand   ,RightHand  ,Centre-Target ,Right-Distractor
RigidBody  ,       1 ,0.30512240529060364 ,0.021050598472356796 ,0.17708812654018402 ,-0.00024023899459280074 ,4.365255153970793e-5    ,-1.2056779269187246e-5  ,1.0                ,1.3296265024109744e-5 ,                1 ,        3 ,        5 ,Forehand   ,RightHand  ,Centre-Target ,Right-Distractor
RigidBody  ,       1 ,0.3051265478134155  ,0.02104729227721691  ,0.17707559466362    ,-0.0003991010889876634  ,-0.00015010776405688375 ,3.3468413676018827e-6   ,0.9999998807907104 ,1.1380563591956161e-5 ,                1 ,        3 ,        5 ,Forehand   ,RightHand  ,Centre-Target ,Right-Distractor
RigidBody  ,       1 ,0.3051230013370514  ,0.021046193316578865 ,0.1770908087491989  ,-0.0001945828553289175  ,-1.000963311525993e-5   ,-3.5443815704638837e-6  ,1.0                ,1.3495011444319971e-5 ,                1 ,        3 ,        5 ,Forehand   ,RightHand  ,Centre-Target ,Right-Distractor
RigidBody  ,       1 ,0.30512672662734985 ,0.0210445374250412   ,0.17707571387290955 ,-0.00032546857255510986 ,-9.191891149384901e-5   ,-2.111532012349926e-5   ,1.0                ,1.3411607142188586e-5 ,                1 ,        3 ,        5 ,Forehand   ,RightHand  ,Centre-Target ,Right-Distractor
RigidBody  ,       1 ,0.3051205575466156  ,0.02104603685438633  ,0.17708399891853332 ,-0.00019169962615706027 ,6.972521805437282e-5    ,2.3693035473115742e-5   ,1.0                ,1.3389388186624274e-5 ,                1 ,        3 ,        5 ,Forehand   ,RightHand  ,Centre-Target ,Right-Distractor
RigidBody  ,       1 ,0.3051273226737976  ,0.021045371890068054 ,0.1770780384540558  ,-0.0002825525007210672  ,-5.4458661907119676e-5  ,-2.4051179934758693e-5  ,1.0                ,8.093657015706412e-6  ,                1 ,        3 ,        5 ,Forehand   ,RightHand  ,Centre-Target ,Right-Distractor
RigidBody  ,       1 ,0.3051159977912903  ,0.02103891409933567  ,0.17708808183670044 ,-0.00039239521720446646 ,0.00012744448031298816  ,1.4847118109173607e-5   ,1.0                ,1.904806777019985e-5  ,                1 ,        3 ,        6 ,Forehand   ,RightHand  ,Centre-Target ,Left-Distractor
RigidBody  ,       1 ,0.30512091517448425 ,0.021047620102763176 ,0.1770917922258377  ,-0.0003279974916949868  ,8.208926010411233e-5    ,-9.406269964529201e-5   ,1.0                ,1.4139928680378944e-5 ,                1 ,        3 ,        6 ,Forehand   ,RightHand  ,Centre-Target ,Left-Distractor
RigidBody  ,       1 ,0.3051208555698395  ,0.02104247361421585  ,0.1770930141210556  ,-0.00045568187488242984 ,0.00010674139048205689  ,-8.639439329272136e-5   ,0.9999998807907104 ,1.7615620890865102e-5 ,                1 ,        3 ,        6 ,Forehand   ,RightHand  ,Centre-Target ,Left-Distractor
RigidBody  ,       1 ,0.30512261390686035 ,0.02104463428258896  ,0.17709049582481384 ,-0.0002809728030115366  ,6.135975127108395e-5    ,-4.0243463445222005e-5  ,1.0                ,1.507801607658621e-5  ,                1 ,        3 ,        6 ,Forehand   ,RightHand  ,Centre-Target ,Left-Distractor
RigidBody  ,       1 ,0.3051232695579529  ,0.021034739911556244 ,0.17707625031471252 ,-0.00044495463953353465 ,3.087197910645045e-5    ,-2.8206373826833442e-5  ,0.9999998807907104 ,1.276304556085961e-5  ,                1 ,        3 ,        6 ,Forehand   ,RightHand  ,Centre-Target ,Left-Distractor
RigidBody  ,       1 ,0.30512213706970215 ,0.021044638007879257 ,0.17708365619182587 ,-0.00024434144143015146 ,2.2777763660997152e-5   ,-7.159780216170475e-5   ,1.0                ,1.4103390640229918e-5 ,                1 ,        3 ,        6 ,Forehand   ,RightHand  ,Centre-Target ,Left-Distractor
RigidBody  ,       1 ,0.30512166023254394 ,0.02104230225086212  ,0.17707739770412445 ,-0.00030626950319856405 ,-9.958343434846029e-5   ,-6.880806176923215e-5   ,1.0                ,1.0091236617881805e-5 ,                1 ,        3 ,        6 ,Forehand   ,RightHand  ,Centre-Target ,Left-Distractor
RigidBody  ,       1 ,0.3051210045814514  ,0.021043768152594566 ,0.17707927525043487 ,-0.00027136330027133226 ,5.559281271416694e-5    ,-7.155874754971592e-6   ,1.0                ,1.1819275641755667e-5 ,                1 ,        4 ,        1 ,Forehand   ,LeftHand   ,Right-Target  ,Left-Distractor
RigidBody  ,       1 ,0.3051202893257141  ,0.02103767730295658  ,0.17707321047782898 ,-0.00044793152483180165 ,-2.5723014914547093e-5  ,4.735796028398909e-5    ,0.9999998807907104 ,1.356642951577669e-5  ,                1 ,        4 ,        1 ,Forehand   ,LeftHand   ,Right-Target  ,Left-Distractor
RigidBody  ,       1 ,0.30512484908103943 ,0.021042879670858383 ,0.1770753711462021  ,-0.00029232873930595815 ,-0.0001040335264406167  ,-4.987061402061954e-6   ,1.0                ,1.0298483175574802e-5 ,                1 ,        4 ,        1 ,Forehand   ,LeftHand   ,Right-Target  ,Left-Distractor
RigidBody  ,       1 ,0.30512070655822754 ,0.021045194938778877 ,0.17708386480808258 ,-0.0002197821158915758  ,6.889268843224272e-5    ,-9.210326243191957e-5   ,1.0                ,1.4989989722380415e-5 ,                1 ,        4 ,        1 ,Forehand   ,LeftHand   ,Right-Target  ,Left-Distractor
RigidBody  ,       1 ,0.30512040853500366 ,0.021043146029114723 ,0.1770780086517334  ,-0.00019821026944555342 ,4.9688016588333994e-5   ,-8.218859147746116e-5   ,1.0                ,1.724522007862106e-5  ,                1 ,        4 ,        1 ,Forehand   ,LeftHand   ,Right-Target  ,Left-Distractor
RigidBody  ,       1 ,0.30511924624443054 ,0.021039217710494995 ,0.17707549035549164 ,-0.00026825699023902416 ,2.784468961181119e-5    ,-5.146567855263129e-5   ,1.0                ,1.2286596756894141e-5 ,                1 ,        4 ,        1 ,Forehand   ,LeftHand   ,Right-Target  ,Left-Distractor
RigidBody  ,       1 ,0.30512142181396484 ,0.02104162611067295  ,0.17707473039627075 ,-0.0002911481715273112  ,2.015947575273458e-5    ,-9.628335101297125e-5   ,1.0                ,1.55709949467564e-5   ,                1 ,        4 ,        1 ,Forehand   ,LeftHand   ,Right-Target  ,Left-Distractor
RigidBody  ,       1 ,0.3051207959651947  ,0.02104724943637848  ,0.17708316445350647 ,-0.00024374894564971328 ,1.6185615095309913e-5   ,4.150878521613777e-5    ,1.0                ,1.6542569937882945e-5 ,                1 ,        4 ,        2 ,Forehand   ,LeftHand   ,Left-Target   ,Right-Distractor
RigidBody  ,       1 ,0.30511853098869324 ,0.02104783244431019  ,0.17708571255207062 ,-0.0002038658712990582  ,2.4478234990965575e-5   ,-3.863616439048201e-5   ,1.0                ,1.1923442798433825e-5 ,                1 ,        4 ,        2 ,Forehand   ,LeftHand   ,Left-Target   ,Right-Distractor
RigidBody  ,       1 ,0.3051189184188843  ,0.02104928158223629  ,0.17708127200603485 ,-0.0002679265453480184  ,6.141883204691112e-5    ,-0.00011002786050084978 ,1.0                ,1.598757808096707e-5  ,                1 ,        4 ,        2 ,Forehand   ,LeftHand   ,Left-Target   ,Right-Distractor
RigidBody  ,       1 ,0.3051223158836365  ,0.02103383094072342  ,0.17706428468227386 ,-0.0004939336213283241  ,-3.477081190794706e-5   ,-5.60451480851043e-5    ,0.9999998807907104 ,1.5086221537785605e-5 ,                1 ,        4 ,        2 ,Forehand   ,LeftHand   ,Left-Target   ,Right-Distractor
RigidBody  ,       1 ,0.305121511220932   ,0.0210455022752285   ,0.17706042528152466 ,-0.00013936359027866274 ,-5.4064643336459994e-5  ,-0.00011058137897634879 ,1.0                ,1.102285023080185e-5  ,                1 ,        4 ,        2 ,Forehand   ,LeftHand   ,Left-Target   ,Right-Distractor
RigidBody  ,       1 ,0.3051202595233917  ,0.02104361541569233  ,0.17708149552345276 ,-0.0002460666582919657  ,5.046933802077547e-5    ,-6.287146243266761e-5   ,1.0                ,1.3878230674890801e-5 ,                1 ,        4 ,        2 ,Forehand   ,LeftHand   ,Left-Target   ,Right-Distractor
RigidBody  ,       1 ,0.3051244020462036  ,0.02103772573173046  ,0.1770644336938858  ,-0.00036004430148750544 ,-0.00011607368651311845 ,6.061790918465704e-5    ,1.0                ,1.4139359336695634e-5 ,                1 ,        4 ,        3 ,Forehand   ,LeftHand   ,Centre-Target ,Right-Distractor
RigidBody  ,       1 ,0.30512169003486633 ,0.021043427288532257 ,0.17707963287830353 ,-0.00021377173834480345 ,5.0918526540044695e-5   ,-4.866483504883945e-5   ,1.0                ,1.555859125801362e-5  ,                1 ,        4 ,        3 ,Forehand   ,LeftHand   ,Centre-Target ,Right-Distractor
RigidBody  ,       1 ,0.3051265776157379  ,0.021039921790361404 ,0.177070751786232   ,-0.0002826385316438973  ,-6.287860014708713e-5   ,4.951553819410037e-6    ,1.0                ,1.0424131687614135e-5 ,                1 ,        4 ,        3 ,Forehand   ,LeftHand   ,Centre-Target ,Right-Distractor
RigidBody  ,       1 ,0.3051165044307709  ,0.021035991609096527 ,0.1770785003900528  ,-0.0003783110005315393  ,9.300211968366057e-5    ,1.9219609384890646e-5   ,1.0                ,2.03528834390454e-5   ,                1 ,        4 ,        3 ,Forehand   ,LeftHand   ,Centre-Target ,Right-Distractor
RigidBody  ,       1 ,0.30512234568595886 ,0.02103274315595627  ,0.1770649254322052  ,-0.0005367681733332574  ,-6.922362808836624e-5   ,5.4188480135053396e-5   ,0.9999998807907104 ,1.5339583114837296e-5 ,                1 ,        4 ,        3 ,Forehand   ,LeftHand   ,Centre-Target ,Right-Distractor
RigidBody  ,       1 ,0.3051239848136902  ,0.02103663980960846  ,0.17706093192100525 ,-0.00031646928982809186 ,-0.00011586405162233859 ,-2.005974602070637e-5   ,1.0                ,1.2992297342862003e-5 ,                1 ,        4 ,        3 ,Forehand   ,LeftHand   ,Centre-Target ,Right-Distractor
RigidBody  ,       1 ,0.30512213706970215 ,0.021036509424448013 ,0.1770680993795395  ,-0.00036174332490190864 ,-5.211230472923489e-6   ,-6.392762588802725e-5   ,1.0                ,1.0621783076203428e-5 ,                1 ,        4 ,        3 ,Forehand   ,LeftHand   ,Centre-Target ,Right-Distractor
RigidBody  ,       1 ,0.3051205277442932  ,0.021041203290224075 ,0.17707592248916626 ,-0.0002619048173073679  ,-1.6197209333768114e-5  ,-5.898144809179939e-5   ,1.0                ,1.3168095392757095e-5 ,                1 ,        4 ,        4 ,Forehand   ,LeftHand   ,Right-Target  ,Centre-Distractor
RigidBody  ,       1 ,0.3051217794418335  ,0.021036917343735695 ,0.17707104980945587 ,-0.00026620898279361427 ,-0.00011014945630449802 ,8.444849299849011e-6    ,1.0                ,1.298717143072281e-5  ,                1 ,        4 ,        4 ,Forehand   ,LeftHand   ,Right-Target  ,Centre-Distractor
RigidBody  ,       1 ,0.3051178455352783  ,0.021038245409727097 ,0.17708052694797516 ,-0.0003570549306459725  ,1.994731974264141e-5    ,7.540404476458207e-5    ,1.0                ,1.9318478734930977e-5 ,                1 ,        4 ,        4 ,Forehand   ,LeftHand   ,Right-Target  ,Centre-Distractor
RigidBody  ,       1 ,0.305115282535553   ,0.021035535261034965 ,0.17708291113376617 ,-0.00045403948752209544 ,9.293058974435553e-5    ,-9.545576176606119e-6   ,0.9999998807907104 ,1.6499398043379188e-5 ,                1 ,        4 ,        4 ,Forehand   ,LeftHand   ,Right-Target  ,Centre-Distractor
RigidBody  ,       1 ,0.3051135838031769  ,0.02103426679968834  ,0.1770802140235901  ,-0.00042323418892920017 ,5.9440175391500816e-5   ,4.2282943468308076e-5   ,0.9999998807907104 ,1.6703572327969596e-5 ,                1 ,        4 ,        4 ,Forehand   ,LeftHand   ,Right-Target  ,Centre-Distractor
RigidBody  ,       1 ,0.30511990189552307 ,0.021039307117462158 ,0.17707745730876923 ,-0.00025865950738079846 ,7.003314385656267e-5    ,-1.708480340312235e-5   ,1.0                ,1.467577021685429e-5  ,                1 ,        4 ,        4 ,Forehand   ,LeftHand   ,Right-Target  ,Centre-Distractor
RigidBody  ,       1 ,0.30511656403541565 ,0.021037032827734947 ,0.17707352340221405 ,-0.0002536333631724119  ,3.46461747540161e-5     ,1.4079504580877256e-5   ,1.0                ,1.1553813237696886e-5 ,                1 ,        4 ,        4 ,Forehand   ,LeftHand   ,Right-Target  ,Centre-Distractor
RigidBody  ,       1 ,0.30512186884880066 ,0.021035822108387947 ,0.1770646870136261  ,-0.00038649654015898704 ,-0.00014784367522224784 ,-8.874189006746747e-6   ,1.0                ,1.4145660315989517e-5 ,                1 ,        4 ,        4 ,Forehand   ,LeftHand   ,Right-Target  ,Centre-Distractor
RigidBody  ,       1 ,0.3051193654537201  ,0.02104250341653824  ,0.17707952857017517 ,-0.00019592662283685058 ,2.4898316041799262e-5   ,2.912760101025924e-5    ,1.0                ,1.5621746570104733e-5 ,                1 ,        4 ,        5 ,Forehand   ,LeftHand   ,Left-Target   ,Centre-Distractor
RigidBody  ,       1 ,0.3051184415817261  ,0.02103758417069912  ,0.17708128690719604 ,-0.00037506892113015056 ,0.00011702475603669882  ,-6.129253051767591e-6   ,1.0                ,1.729887844703626e-5  ,                1 ,        4 ,        5 ,Forehand   ,LeftHand   ,Left-Target   ,Centre-Distractor
RigidBody  ,       1 ,0.30510932207107544 ,0.021046224981546402 ,0.17705515027046204 ,-9.923929610522464e-5   ,-0.0002909417380578816  ,-1.880573108792305e-5   ,1.0                ,3.073188418056816e-5  ,                1 ,        4 ,        5 ,Forehand   ,LeftHand   ,Left-Target   ,Centre-Distractor
RigidBody  ,       1 ,0.3051181137561798  ,0.021044516935944557 ,0.1770785003900528  ,-0.0001943725219462067  ,5.897308074054308e-5    ,-4.505088145378977e-5   ,1.0                ,1.5484924006159417e-5 ,                1 ,        4 ,        5 ,Forehand   ,LeftHand   ,Left-Target   ,Centre-Distractor
RigidBody  ,       1 ,0.30511990189552307 ,0.02103850431740284  ,0.17707830667495727 ,-0.00021910933719482273 ,6.167925312183797e-5    ,5.799051905341912e-6    ,1.0                ,1.3116926311340649e-5 ,                1 ,        4 ,        5 ,Forehand   ,LeftHand   ,Left-Target   ,Centre-Distractor
RigidBody  ,       1 ,0.3051202595233917  ,0.021034453064203262 ,0.17706292867660522 ,-0.000541483226697892   ,-5.4783737141406164e-5  ,2.309814590262249e-5    ,0.9999998807907104 ,1.3849142305843998e-5 ,                1 ,        4 ,        5 ,Forehand   ,LeftHand   ,Left-Target   ,Centre-Distractor
RigidBody  ,       1 ,0.30512210726737976 ,0.021041518077254295 ,0.17706647515296936 ,-0.0003857662668451667  ,-0.0001001283890218474  ,3.3698612242005765e-5   ,1.0                ,1.2657606930588372e-5 ,                1 ,        4 ,        5 ,Forehand   ,LeftHand   ,Left-Target   ,Centre-Distractor
RigidBody  ,       1 ,0.30512312054634094 ,0.021043390035629272 ,0.1770797222852707  ,-0.00023937223886605352 ,-8.902146873879246e-6   ,1.1556060599104967e-5   ,1.0                ,1.6048350516939536e-5 ,                1 ,        4 ,        6 ,Forehand   ,LeftHand   ,Centre-Target ,Left-Distractor
RigidBody  ,       1 ,0.3051212430000305  ,0.021042004227638245 ,0.177082359790802   ,-0.00025646822177805006 ,3.889128129230812e-5    ,-1.6243964637396857e-5  ,1.0                ,1.3324386600288562e-5 ,                1 ,        4 ,        6 ,Forehand   ,LeftHand   ,Centre-Target ,Left-Distractor
RigidBody  ,       1 ,0.3051213324069977  ,0.021039951592683792 ,0.1770801693201065  ,-0.00022761101718060672 ,6.914991536177695e-5    ,-5.4416406783275306e-5  ,1.0                ,1.3850998584530316e-5 ,                1 ,        4 ,        6 ,Forehand   ,LeftHand   ,Centre-Target ,Left-Distractor
RigidBody  ,       1 ,0.30512601137161255 ,0.021041477099061012 ,0.1770700365304947  ,-0.0003721962566487491  ,-5.451338074635714e-5   ,-9.350503387395293e-5   ,1.0                ,1.2131449693697505e-5 ,                1 ,        4 ,        6 ,Forehand   ,LeftHand   ,Centre-Target ,Left-Distractor
RigidBody  ,       1 ,0.30512478947639465 ,0.02103995345532894  ,0.1770697981119156  ,-0.0003494329284876585  ,-5.360594150261022e-5   ,3.7309609979274683e-6   ,1.0                ,1.2824964869651012e-5 ,                1 ,        4 ,        6 ,Forehand   ,LeftHand   ,Centre-Target ,Left-Distractor
RigidBody  ,       1 ,0.30512332916259766 ,0.02104492485523224  ,0.17707884311676025 ,-0.0002179681760026142  ,5.7230798120144755e-5   ,-1.0740021025412716e-5  ,1.0                ,1.4831131920800544e-5 ,                1 ,        4 ,        6 ,Forehand   ,LeftHand   ,Centre-Target ,Left-Distractor
RigidBody  ,       1 ,0.3051270544528961  ,0.021038824692368507 ,0.1770673543214798  ,-0.00029872264713048935 ,-7.076836482156068e-5   ,-2.3519460228271782e-5  ,1.0                ,9.225187568517867e-6  ,                1 ,        4 ,        6 ,Forehand   ,LeftHand   ,Centre-Target ,Left-Distractor
