_io,asset_ID,pos_x,pos_y,pos_z,rot_w,rot_x,rot_y,rot_z,error,tracking_valid,frame,trial_num,block_num,practicing,left_right_hand,palm_back_hand,target_loc,distractor_loc,participant_id
<_io.BytesIO object at 0x0000029FC4A1C860>,1052427994,-0.0924597680568695,-0.17611704766750336,2.802596928649634e-45,1.064986832886861e-43,1.401298464324817e-45,0.7188289761543274,0.09819449484348297,-0.1183352842926979,31753,867426,2,3,True,Left,Front,Right,Left,64
<_io.BytesIO object at 0x0000029FC4B0ECC0>,1052426929,-0.09251570701599121,-0.17596983909606934,2.802596928649634e-45,1.064986832886861e-43,1.401298464324817e-45,0.7188289761543274,0.09819449484348297,-0.1183352842926979,31753,867427,2,3,True,Left,Front,Right,Left,64
<_io.BytesIO object at 0x0000029FC49F5860>,1052425848,-0.09256778657436371,-0.17582450807094574,2.802596928649634e-45,1.064986832886861e-43,1.401298464324817e-45,0.7188289761543274,0.09819449484348297,-0.1183352842926979,31753,867428,2,3,True,Left,Front,Right,Left,64
<_io.BytesIO object at 0x0000029FC4B0E310>,1052424610,-0.09259886294603348,-0.17565815150737762,2.802596928649634e-45,1.064986832886861e-43,1.401298464324817e-45,0.7188289761543274,0.09819449484348297,-0.1183352842926979,31753,867429,2,3,True,Left,Front,Right,Left,64
<_io.BytesIO object at 0x0000029FC49F5860>,1052423710,-0.0926498994231224,-0.17548102140426636,2.802596928649634e-45,1.064986832886861e-43,1.401298464324817e-45,0.7188289761543274,0.09819449484348297,-0.1183352842926979,31753,867430,2,3,True,Left,Front,Right,Left,64
<_io.BytesIO object at 0x0000029FC49F5EA0>,1052422761,-0.09267451614141464,-0.17530658841133118,2.802596928649634e-45,1.064986832886861e-43,1.401298464324817e-45,0.7188289761543274,0.09819449484348297,-0.1183352842926979,31753,867431,2,3,True,Left,Front,Right,Left,64
<_io.BytesIO object at 0x0000029FC49F5EF0>,1052421314,-0.09276990592479706,-0.1751485913991928,2.802596928649634e-45,1.064986832886861e-43,1.401298464324817e-45,0.7188289761543274,0.09819449484348297,-0.1183352842926979,31753,867432,2,3,True,Left,Front,Right,Left,64
<_io.BytesIO object at 0x0000029FC4B0E400>,1052420761,-0.09280721098184586,-0.17499984800815582,2.802596928649634e-45,1.064986832886861e-43,1.401298464324817e-45,0.7188289761543274,0.09819449484348297,-0.1183352842926979,31753,867433,2,3,True,Left,Front,Right,Left,64
<_io.BytesIO object at 0x0000029FC49F5AE0>,1052423609,-0.09284206479787827,-0.17480361461639404,2.802596928649634e-45,1.064986832886861e-43,1.401298464324817e-45,0.7188289761543274,0.09819449484348297,-0.1183352842926979,31753,867434,2,3,True,Left,Front,Right,Left,64
<_io.BytesIO object at 0x0000029FC4B0ED60>,1052425360,-0.09291578829288483,-0.17460690438747406,2.802596928649634e-45,1.064986832886861e-43,1.401298464324817e-45,0.7188289761543274,0.09819449484348297,-0.1183352842926979,31753,867435,2,3,True,Left,Front,Right,Left,64
<_io.BytesIO object at 0x0000029FC49F5EA0>,1052425507,-0.09295626729726791,-0.1744370460510254,2.802596928649634e-45,1.064986832886861e-43,1.401298464324817e-45,0.7188289761543274,0.09819449484348297,-0.1183352842926979,31753,867436,2,3,True,Left,Front,Right,Left,64
<_io.BytesIO object at 0x0000029FC49F5900>,1052424974,-0.09297940880060196,-0.17425011098384857,2.802596928649634e-45,1.064986832886861e-43,1.401298464324817e-45,0.7188289761543274,0.09819449484348297,-0.1183352842926979,31753,867437,2,3,True,Left,Front,Right,Left,64
<_io.BytesIO object at 0x0000029FC49FB3B0>,1052424574,-0.09301255643367767,-0.17405375838279724,2.802596928649634e-45,1.064986832886861e-43,1.401298464324817e-45,0.7188289761543274,0.09819449484348297,-0.1183352842926979,31753,867438,2,3,True,Left,Front,Right,Left,64
<_io.BytesIO object at 0x0000029FC49F51D0>,1052424066,-0.09304901212453842,-0.1738697588443756,2.802596928649634e-45,1.064986832886861e-43,1.401298464324817e-45,0.7188289761543274,0.09819449484348297,-0.1183352842926979,31753,867439,2,3,True,Left,Front,Right,Left,64
<_io.BytesIO object at 0x0000029FC49FB9F0>,1052421418,-0.09303651750087738,-0.17362672090530396,2.802596928649634e-45,1.064986832886861e-43,1.401298464324817e-45,0.7188289761543274,0.09819449484348297,-0.1183352842926979,31753,867440,2,3,True,Left,Front,Right,Left,64
<_io.BytesIO object at 0x0000029FC4B0E810>,1052420982,-0.0930742472410202,-0.17343498766422272,2.802596928649634e-45,1.064986832886861e-43,1.401298464324817e-45,0.7188289761543274,0.09819449484348297,-0.1183352842926979,31753,867441,2,3,True,Left,Front,Right,Left,64
<_io.BytesIO object at 0x0000029FC49FB630>,1052424202,-0.09318915754556656,-0.17329563200473785,2.802596928649634e-45,1.064986832886861e-43,1.401298464324817e-45,0.7188289761543274,0.09819449484348297,-0.1183352842926979,31753,867442,2,3,True,Left,Front,Right,Left,64
<_io.BytesIO object at 0x0000029FC49F56D0>,1052424972,-0.09328179061412811,-0.17307457327842712,2.802596928649634e-45,1.064986832886861e-43,1.401298464324817e-45,0.7188289761543274,0.09819449484348297,-0.1183352842926979,31753,867443,2,3,True,Left,Front,Right,Left,64
<_io.BytesIO object at 0x0000029FC49F5180>,1052424180,-0.0933057963848114,-0.17285770177841187,2.802596928649634e-45,1.064986832886861e-43,1.401298464324817e-45,0.7188289761543274,0.09819449484348297,-0.1183352842926979,31753,867444,2,3,True,Left,Front,Right,Left,64
<_io.BytesIO object at 0x0000029FC49FB3B0>,1052423397,-0.09332960844039917,-0.1726488322019577,2.802596928649634e-45,1.064986832886861e-43,1.401298464324817e-45,0.7188289761543274,0.09819449484348297,-0.1183352842926979,31753,867445,2,3,True,Left,Front,Right,Left,64
<_io.BytesIO object at 0x0000029FC4B0E3B0>,1052427159,-0.09337614476680756,-0.17236217856407166,2.802596928649634e-45,1.064986832886861e-43,1.401298464324817e-45,0.7188289761543274,0.09819449484348297,-0.1183352842926979,31753,867446,2,3,True,Left,Front,Right,Left,64
<_io.BytesIO object at 0x0000029FC49FB900>,1052427700,-0.09340310841798782,-0.17217248678207397,2.802596928649634e-45,1.064986832886861e-43,1.401298464324817e-45,0.7188289761543274,0.09819449484348297,-0.1183352842926979,31753,867447,2,3,True,Left,Front,Right,Left,64
<_io.BytesIO object at 0x0000029FC4B0EAE0>,1052428329,-0.09343703836202621,-0.17199960350990295,2.802596928649634e-45,1.064986832886861e-43,1.401298464324817e-45,0.7188289761543274,0.09819449484348297,-0.1183352842926979,31753,867448,2,3,True,Left,Front,Right,Left,64
<_io.BytesIO object at 0x0000029FC49F5DB0>,1052428517,-0.09347058832645416,-0.1718079298734665,2.802596928649634e-45,1.064986832886861e-43,1.401298464324817e-45,0.7188289761543274,0.09819449484348297,-0.1183352842926979,31753,867449,2,3,True,Left,Front,Right,Left,64
<_io.BytesIO object at 0x0000029FC49F5C70>,1052429015,-0.09348306804895401,-0.17160478234291077,2.802596928649634e-45,1.064986832886861e-43,1.401298464324817e-45,0.7188289761543274,0.09819449484348297,-0.1183352842926979,31753,867450,2,3,True,Left,Front,Right,Left,64
<_io.BytesIO object at 0x0000029FC49F57C0>,1052429094,-0.09348338097333908,-0.17136679589748383,2.802596928649634e-45,1.064986832886861e-43,1.401298464324817e-45,0.7188289761543274,0.09819449484348297,-0.1183352842926979,31753,867451,2,3,True,Left,Front,Right,Left,64
<_io.BytesIO object at 0x0000029FC4B0ED10>,1052428916,-0.09351731836795807,-0.17117688059806824,2.802596928649634e-45,1.064986832886861e-43,1.401298464324817e-45,0.7188289761543274,0.09819449484348297,-0.1183352842926979,31753,867452,2,3,True,Left,Front,Right,Left,64
<_io.BytesIO object at 0x0000029FC49FB7C0>,1052429012,-0.09355989843606949,-0.1710064858198166,2.802596928649634e-45,1.064986832886861e-43,1.401298464324817e-45,0.7188289761543274,0.09819449484348297,-0.1183352842926979,31753,867453,2,3,True,Left,Front,Right,Left,64
<_io.BytesIO object at 0x0000029FC49FB1D0>,1052427049,-0.09356028586626053,-0.1707666516304016,2.802596928649634e-45,1.064986832886861e-43,1.401298464324817e-45,0.7188289761543274,0.09819449484348297,-0.1183352842926979,31753,867454,2,3,True,Left,Front,Right,Left,64
<_io.BytesIO object at 0x0000029FC49FB810>,1052430555,-0.09349298477172852,-0.17054422199726105,2.802596928649634e-45,1.064986832886861e-43,1.401298464324817e-45,0.7188289761543274,0.09819449484348297,-0.1183352842926979,31753,867455,2,3,True,Left,Front,Right,Left,64
<_io.BytesIO object at 0x0000029FC4B0E270>,1052429024,-0.09360964596271515,-0.17032137513160706,2.802596928649634e-45,1.064986832886861e-43,1.401298464324817e-45,0.7188289761543274,0.09819449484348297,-0.1183352842926979,31753,867456,2,3,True,Left,Front,Right,Left,64
<_io.BytesIO object at 0x0000029FC4B0EBD0>,1052428505,-0.09360797703266144,-0.17012476921081543,2.802596928649634e-45,1.064986832886861e-43,1.401298464324817e-45,0.7188289761543274,0.09819449484348297,-0.1183352842926979,31753,867457,2,3,True,Left,Front,Right,Left,64
<_io.BytesIO object at 0x0000029FC49F5180>,1052429285,-0.09365332871675491,-0.1699444055557251,2.802596928649634e-45,1.064986832886861e-43,1.401298464324817e-45,0.7188289761543274,0.09819449484348297,-0.1183352842926979,31753,867458,2,3,True,Left,Front,Right,Left,64
<_io.BytesIO object at 0x0000029FC4B0E630>,1052413144,-0.09370049089193344,-0.17005504667758942,2.802596928649634e-45,1.064986832886861e-43,1.401298464324817e-45,0.7188289761543274,0.09819449484348297,-0.1183352842926979,31753,867459,2,3,True,Left,Front,Right,Left,64
<_io.BytesIO object at 0x0000029FC49F5810>,1052427622,-0.09382467716932297,-0.16960343718528748,2.802596928649634e-45,1.064986832886861e-43,1.401298464324817e-45,0.7188289761543274,0.09819449484348297,-0.1183352842926979,31753,867460,2,3,True,Left,Front,Right,Left,64
<_io.BytesIO object at 0x0000029FC49FB680>,1052430578,-0.09393701702356339,-0.1693703830242157,2.802596928649634e-45,1.064986832886861e-43,1.401298464324817e-45,0.7188289761543274,0.09819449484348297,-0.1183352842926979,31753,867461,2,3,True,Left,Front,Right,Left,64
<_io.BytesIO object at 0x0000029FC49FBF40>,1052432433,-0.0940030887722969,-0.16916188597679138,2.802596928649634e-45,1.064986832886861e-43,1.401298464324817e-45,0.7188289761543274,0.09819449484348297,-0.1183352842926979,31753,867462,2,3,True,Left,Front,Right,Left,64
<_io.BytesIO object at 0x0000029FC4A1C220>,1052433944,-0.09401358664035797,-0.1689615100622177,2.802596928649634e-45,1.064986832886861e-43,1.401298464324817e-45,0.7188289761543274,0.09819449484348297,-0.1183352842926979,31753,867463,2,3,True,Left,Front,Right,Left,64
<_io.BytesIO object at 0x0000029FC1C48B30>,1052434888,-0.09401531517505646,-0.16877567768096924,2.802596928649634e-45,1.064986832886861e-43,1.401298464324817e-45,0.7188289761543274,0.09819449484348297,-0.1183352842926979,31753,867464,2,3,True,Left,Front,Right,Left,64
<_io.BytesIO object at 0x0000029FC49D9590>,1052435964,-0.09404733777046204,-0.16859203577041626,2.802596928649634e-45,1.064986832886861e-43,1.401298464324817e-45,0.7188289761543274,0.09819449484348297,-0.1183352842926979,31753,867465,2,3,True,Left,Front,Right,Left,64
<_io.BytesIO object at 0x0000029FC4B2E900>,1052435854,-0.09404820948839188,-0.16842693090438843,2.802596928649634e-45,1.064986832886861e-43,1.401298464324817e-45,0.7188289761543274,0.09819449484348297,-0.1183352842926979,31753,867466,2,3,True,Left,Front,Right,Left,64
<_io.BytesIO object at 0x0000029FC4B2E7C0>,1052435810,-0.09406764060258865,-0.16827324032783508,2.802596928649634e-45,1.064986832886861e-43,1.401298464324817e-45,0.7188289761543274,0.09819449484348297,-0.1183352842926979,31753,867467,2,3,True,Left,Front,Right,Left,64
<_io.BytesIO object at 0x0000029FC4A84A90>,1052436136,-0.09408553689718246,-0.16808336973190308,2.802596928649634e-45,1.064986832886861e-43,1.401298464324817e-45,0.7188289761543274,0.09819449484348297,-0.1183352842926979,31753,867468,2,3,True,Left,Front,Right,Left,64
<_io.BytesIO object at 0x0000029FC1C48B30>,1052433453,-0.09408914297819138,-0.16785897314548492,2.802596928649634e-45,1.064986832886861e-43,1.401298464324817e-45,0.7188289761543274,0.09819449484348297,-0.1183352842926979,31753,867469,2,3,True,Left,Front,Right,Left,64
<_io.BytesIO object at 0x0000029FC4A1C220>,1052432371,-0.09410259872674942,-0.1676851361989975,2.802596928649634e-45,1.064986832886861e-43,1.401298464324817e-45,0.7188289761543274,0.09819449484348297,-0.1183352842926979,31753,867470,2,3,True,Left,Front,Right,Left,64
<_io.BytesIO object at 0x0000029FC49FBF90>,1052431911,-0.09412948787212372,-0.16750909388065338,2.802596928649634e-45,1.064986832886861e-43,1.401298464324817e-45,0.7188289761543274,0.09819449484348297,-0.1183352842926979,31753,867471,2,3,True,Left,Front,Right,Left,64
<_io.BytesIO object at 0x0000029FC4A1C950>,1052431109,-0.09413742274045944,-0.1673477590084076,2.802596928649634e-45,1.064986832886861e-43,1.401298464324817e-45,0.7188289761543274,0.09819449484348297,-0.1183352842926979,31753,867472,2,3,True,Left,Front,Right,Left,64
<_io.BytesIO object at 0x0000029FC4B1D180>,1052430588,-0.0941445529460907,-0.1671963632106781,2.802596928649634e-45,1.064986832886861e-43,1.401298464324817e-45,0.7188289761543274,0.09819449484348297,-0.1183352842926979,31753,867473,2,3,True,Left,Front,Right,Left,64
<_io.BytesIO object at 0x0000029FC4A84770>,1052430156,-0.09414290636777878,-0.1670522540807724,2.802596928649634e-45,1.064986832886861e-43,1.401298464324817e-45,0.7188289761543274,0.09819449484348297,-0.1183352842926979,31753,867474,2,3,True,Left,Front,Right,Left,64
<_io.BytesIO object at 0x0000029FC49FB630>,1052429522,-0.09413661062717438,-0.1669035404920578,2.802596928649634e-45,1.064986832886861e-43,1.401298464324817e-45,0.7188289761543274,0.09819449484348297,-0.1183352842926979,31753,867475,2,3,True,Left,Front,Right,Left,64
<_io.BytesIO object at 0x0000029FC4B31090>,1052429048,-0.09414803236722946,-0.16675542294979095,2.802596928649634e-45,1.064986832886861e-43,1.401298464324817e-45,0.7188289761543274,0.09819449484348297,-0.1183352842926979,31753,867476,2,3,True,Left,Front,Right,Left,64
<_io.BytesIO object at 0x0000029FC49FBCC0>,1052427923,-0.09415387362241745,-0.16661137342453003,2.802596928649634e-45,1.064986832886861e-43,1.401298464324817e-45,0.7188289761543274,0.09819449484348297,-0.1183352842926979,31753,867477,2,3,True,Left,Front,Right,Left,64
<_io.BytesIO object at 0x0000029FC4A84C70>,1052427179,-0.09417443722486496,-0.16643628478050232,2.802596928649634e-45,1.064986832886861e-43,1.401298464324817e-45,0.7188289761543274,0.09819449484348297,-0.1183352842926979,31753,867478,2,3,True,Left,Front,Right,Left,64
<_io.BytesIO object at 0x0000029FC1C48180>,1052426771,-0.09419640153646469,-0.16625963151454926,2.802596928649634e-45,1.064986832886861e-43,1.401298464324817e-45,0.7188289761543274,0.09819449484348297,-0.1183352842926979,31753,867479,2,3,True,Left,Front,Right,Left,64
<_io.BytesIO object at 0x0000029FC4A1CB80>,1052426522,-0.0942058265209198,-0.16611656546592712,2.802596928649634e-45,1.064986832886861e-43,1.401298464324817e-45,0.7188289761543274,0.09819449484348297,-0.1183352842926979,31753,867480,2,3,True,Left,Front,Right,Left,64
<_io.BytesIO object at 0x0000029FC4B2BBD0>,1052425915,-0.09421606361865997,-0.16594448685646057,2.802596928649634e-45,1.064986832886861e-43,1.401298464324817e-45,0.7188289761543274,0.09819449484348297,-0.1183352842926979,31753,867481,2,3,True,Left,Front,Right,Left,64
<_io.BytesIO object at 0x0000029FC4A1C540>,1052424927,-0.09421106427907944,-0.1657886654138565,2.802596928649634e-45,1.064986832886861e-43,1.401298464324817e-45,0.7188289761543274,0.09819449484348297,-0.1183352842926979,31753,867482,2,3,True,Left,Front,Right,Left,64
<_io.BytesIO object at 0x0000029FC1C48630>,1052424185,-0.09420674294233322,-0.16562747955322266,2.802596928649634e-45,1.064986832886861e-43,1.401298464324817e-45,0.7188289761543274,0.09819449484348297,-0.1183352842926979,31753,867483,2,3,True,Left,Front,Right,Left,64
<_io.BytesIO object at 0x0000029FC49D90E0>,1052420556,-0.09419110417366028,-0.1654028594493866,2.802596928649634e-45,1.064986832886861e-43,1.401298464324817e-45,0.7188289761543274,0.09819449484348297,-0.1183352842926979,31753,867484,2,3,True,Left,Front,Right,Left,64
<_io.BytesIO object at 0x0000029FC49E2F40>,1052419746,-0.094186931848526,-0.16523070633411407,2.802596928649634e-45,1.064986832886861e-43,1.401298464324817e-45,0.7188289761543274,0.09819449484348297,-0.1183352842926979,31753,867485,2,3,True,Left,Front,Right,Left,64
<_io.BytesIO object at 0x0000029FC4B2BA40>,1052419953,-0.09421364963054657,-0.16503958404064178,2.802596928649634e-45,1.064986832886861e-43,1.401298464324817e-45,0.7188289761543274,0.09819449484348297,-0.1183352842926979,31753,867486,2,3,True,Left,Front,Right,Left,64
<_io.BytesIO object at 0x0000029FC49E21D0>,1052419644,-0.09421335160732269,-0.16486726701259613,2.802596928649634e-45,1.064986832886861e-43,1.401298464324817e-45,0.7188289761543274,0.09819449484348297,-0.1183352842926979,31753,867487,2,3,True,Left,Front,Right,Left,64
<_io.BytesIO object at 0x0000029FC4A84130>,1052418982,-0.09421640634536743,-0.16472342610359192,2.802596928649634e-45,1.064986832886861e-43,1.401298464324817e-45,0.7188289761543274,0.09819449484348297,-0.1183352842926979,31753,867488,2,3,True,Left,Front,Right,Left,64
<_io.BytesIO object at 0x0000029FC1C48D60>,1052419137,-0.09423773735761642,-0.16455644369125366,2.802596928649634e-45,1.064986832886861e-43,1.401298464324817e-45,0.7188289761543274,0.09819449484348297,-0.1183352842926979,31753,867489,2,3,True,Left,Front,Right,Left,64
<_io.BytesIO object at 0x0000029FC4A1CC20>,1052419635,-0.09427215903997421,-0.16440387070178986,2.802596928649634e-45,1.064986832886861e-43,1.401298464324817e-45,0.7188289761543274,0.09819449484348297,-0.1183352842926979,31753,867490,2,3,True,Left,Front,Right,Left,64
<_io.BytesIO object at 0x0000029FC4B1B040>,1052419736,-0.09423168748617172,-0.16419853270053864,2.802596928649634e-45,1.064986832886861e-43,1.401298464324817e-45,0.7188289761543274,0.09819449484348297,-0.1183352842926979,31753,867491,2,3,True,Left,Front,Right,Left,64
<_io.BytesIO object at 0x0000029FC4A1C900>,1052420201,-0.09426044672727585,-0.1640343815088272,2.802596928649634e-45,1.064986832886861e-43,1.401298464324817e-45,0.7188289761543274,0.09819449484348297,-0.1183352842926979,31753,867492,2,3,True,Left,Front,Right,Left,64
<_io.BytesIO object at 0x0000029FBD055130>,1052422088,-0.09438298642635345,-0.16382163763046265,2.802596928649634e-45,1.064986832886861e-43,1.401298464324817e-45,0.7188289761543274,0.09819449484348297,-0.1183352842926979,31753,867493,2,3,True,Left,Front,Right,Left,64
<_io.BytesIO object at 0x0000029FC49D9680>,1052422617,-0.09446431696414948,-0.16365519165992737,2.802596928649634e-45,1.064986832886861e-43,1.401298464324817e-45,0.7188289761543274,0.09819449484348297,-0.1183352842926979,31753,867494,2,3,True,Left,Front,Right,Left,64
<_io.BytesIO object at 0x0000029FC49E28B0>,1052421155,-0.0945073813199997,-0.16350100934505463,2.802596928649634e-45,1.064986832886861e-43,1.401298464324817e-45,0.7188289761543274,0.09819449484348297,-0.1183352842926979,31753,867495,2,3,True,Left,Front,Right,Left,64
<_io.BytesIO object at 0x0000029FC49FB680>,1052419492,-0.09454087167978287,-0.16333267092704773,2.802596928649634e-45,1.064986832886861e-43,1.401298464324817e-45,0.7188289761543274,0.09819449484348297,-0.1183352842926979,31753,867496,2,3,True,Left,Front,Right,Left,64
<_io.BytesIO object at 0x0000029FC4A4FD60>,1052417778,-0.09453614056110382,-0.16317102313041687,2.802596928649634e-45,1.064986832886861e-43,1.401298464324817e-45,0.7188289761543274,0.09819449484348297,-0.1183352842926979,31753,867497,2,3,True,Left,Front,Right,Left,64
<_io.BytesIO object at 0x0000029FC1C508B0>,1052415691,-0.09452414512634277,-0.16290263831615448,2.802596928649634e-45,1.064986832886861e-43,1.401298464324817e-45,0.7188289761543274,0.09819449484348297,-0.1183352842926979,31753,867498,2,3,True,Left,Front,Right,Left,64
<_io.BytesIO object at 0x0000029FC4B1DE50>,1052414660,-0.094551220536232,-0.1627255231142044,2.802596928649634e-45,1.064986832886861e-43,1.401298464324817e-45,0.7188289761543274,0.09819449484348297,-0.1183352842926979,31753,867499,2,3,True,Left,Front,Right,Left,64
<_io.BytesIO object at 0x0000029FC4B31A90>,1052413212,-0.09454015642404556,-0.16254602372646332,2.802596928649634e-45,1.064986832886861e-43,1.401298464324817e-45,0.7188289761543274,0.09819449484348297,-0.1183352842926979,31753,867500,2,3,True,Left,Front,Right,Left,64
<_io.BytesIO object at 0x0000029FC49F51D0>,1052410748,-0.09453608840703964,-0.16238921880722046,2.802596928649634e-45,1.064986832886861e-43,1.401298464324817e-45,0.7188289761543274,0.09819449484348297,-0.1183352842926979,31753,867501,2,3,True,Left,Front,Right,Left,64
<_io.BytesIO object at 0x0000029FC4A1C770>,1052408288,-0.09453628957271576,-0.16225489974021912,2.802596928649634e-45,1.064986832886861e-43,1.401298464324817e-45,0.7188289761543274,0.09819449484348297,-0.1183352842926979,31753,867502,2,3,True,Left,Front,Right,Left,64
<_io.BytesIO object at 0x0000029FC4A4F770>,1052405977,-0.09452226012945175,-0.16212576627731323,2.802596928649634e-45,1.064986832886861e-43,1.401298464324817e-45,0.7188289761543274,0.09819449484348297,-0.1183352842926979,31753,867503,2,3,True,Left,Front,Right,Left,64
<_io.BytesIO object at 0x0000029FC49D94F0>,1052403868,-0.09447846561670303,-0.16199670732021332,2.802596928649634e-45,1.064986832886861e-43,1.401298464324817e-45,0.7188289761543274,0.09819449484348297,-0.1183352842926979,31753,867504,2,3,True,Left,Front,Right,Left,64
<_io.BytesIO object at 0x0000029FC4B2E590>,1052402164,-0.09444472938776016,-0.16187550127506256,2.802596928649634e-45,1.064986832886861e-43,1.401298464324817e-45,0.7188289761543274,0.09819449484348297,-0.1183352842926979,31753,867505,2,3,True,Left,Front,Right,Left,64
<_io.BytesIO object at 0x0000029FC49D9590>,1052399957,-0.09437522292137146,-0.16173355281352997,2.802596928649634e-45,1.064986832886861e-43,1.401298464324817e-45,0.7188289761543274,0.09819449484348297,-0.1183352842926979,31753,867506,2,3,True,Left,Front,Right,Left,64
<_io.BytesIO object at 0x0000029FC4A4F450>,1052397692,-0.09436427056789398,-0.16163155436515808,2.802596928649634e-45,1.064986832886861e-43,1.401298464324817e-45,0.7188289761543274,0.09819449484348297,-0.1183352842926979,31753,867507,2,3,True,Left,Front,Right,Left,64
<_io.BytesIO object at 0x0000029FC4A1C270>,1052394231,-0.09432302415370941,-0.16154322028160095,2.802596928649634e-45,1.064986832886861e-43,1.401298464324817e-45,0.7188289761543274,0.09819449484348297,-0.1183352842926979,31753,867508,2,3,True,Left,Front,Right,Left,64
<_io.BytesIO object at 0x0000029FC4B0E4A0>,1052390563,-0.09429499506950378,-0.16146612167358398,2.802596928649634e-45,1.064986832886861e-43,1.401298464324817e-45,0.7188289761543274,0.09819449484348297,-0.1183352842926979,31753,867509,2,3,True,Left,Front,Right,Left,64
<_io.BytesIO object at 0x0000029FC4B37AE0>,1052384484,-0.09428485482931137,-0.16135285794734955,2.802596928649634e-45,1.064986832886861e-43,1.401298464324817e-45,0.7188289761543274,0.09819449484348297,-0.1183352842926979,31753,867510,2,3,True,Left,Front,Right,Left,64
<_io.BytesIO object at 0x0000029FC4B0E4A0>,1052379213,-0.09429257363080978,-0.16133436560630798,2.802596928649634e-45,1.064986832886861e-43,1.401298464324817e-45,0.7188289761543274,0.09819449484348297,-0.1183352842926979,31753,867511,2,3,True,Left,Front,Right,Left,64
<_io.BytesIO object at 0x0000029FC1C507C0>,1052373655,-0.0941946804523468,-0.16139653325080872,2.802596928649634e-45,1.064986832886861e-43,1.401298464324817e-45,0.7188289761543274,0.09819449484348297,-0.1183352842926979,31753,867512,2,3,True,Left,Front,Right,Left,64
<_io.BytesIO object at 0x0000029FC49E2B80>,1052368928,-0.09418787062168121,-0.16142521798610687,2.802596928649634e-45,1.064986832886861e-43,1.401298464324817e-45,0.7188289761543274,0.09819449484348297,-0.1183352842926979,31753,867513,2,3,True,Left,Front,Right,Left,64
<_io.BytesIO object at 0x0000029FC49D98B0>,1052363912,-0.09418739378452301,-0.16145503520965576,2.802596928649634e-45,1.064986832886861e-43,1.401298464324817e-45,0.7188289761543274,0.09819449484348297,-0.1183352842926979,31753,867514,2,3,True,Left,Front,Right,Left,64
<_io.BytesIO object at 0x0000029FC4B37540>,1052356216,-0.09409806877374649,-0.16150088608264923,2.802596928649634e-45,1.064986832886861e-43,1.401298464324817e-45,0.7188289761543274,0.09819449484348297,-0.1183352842926979,31753,867515,2,3,True,Left,Front,Right,Left,64
<_io.BytesIO object at 0x0000029FC49D95E0>,1052340092,-0.09357906132936478,-0.16179226338863373,2.802596928649634e-45,1.064986832886861e-43,1.401298464324817e-45,0.7188289761543274,0.09819449484348297,-0.1183352842926979,31753,867516,2,3,True,Left,Front,Right,Left,64
<_io.BytesIO object at 0x0000029FC4A840E0>,1052328022,-0.09311255067586899,-0.16220970451831818,2.802596928649634e-45,1.064986832886861e-43,1.401298464324817e-45,0.7188289761543274,0.09819449484348297,-0.1183352842926979,31753,867517,2,3,True,Left,Front,Right,Left,64
<_io.BytesIO object at 0x0000029FC4A1C9F0>,1052312849,-0.09277721494436264,-0.16239190101623535,2.802596928649634e-45,1.064986832886861e-43,1.401298464324817e-45,0.7188289761543274,0.09819449484348297,-0.1183352842926979,31753,867518,2,3,True,Left,Front,Right,Left,64
<_io.BytesIO object at 0x0000029FC4B312C0>,1050682852,-0.1062895804643631,-0.18624594807624817,2.802596928649634e-45,1.064986832886861e-43,1.401298464324817e-45,0.7188289761543274,0.09819449484348297,-0.1183352842926979,31753,867558,2,3,True,Left,Front,Right,Left,64
<_io.BytesIO object at 0x0000029FC49D9E00>,1050672463,-0.1060304194688797,-0.18658873438835144,2.802596928649634e-45,1.064986832886861e-43,1.401298464324817e-45,0.7188289761543274,0.09819449484348297,-0.1183352842926979,31753,867559,2,3,True,Left,Front,Right,Left,64
<_io.BytesIO object at 0x0000029FC1C48900>,1050670905,-0.10607067495584488,-0.1868700087070465,2.802596928649634e-45,1.064986832886861e-43,1.401298464324817e-45,0.7188289761543274,0.09819449484348297,-0.1183352842926979,31753,867560,2,3,True,Left,Front,Right,Left,64
<_io.BytesIO object at 0x0000029FC1C501D0>,1050668593,-0.10610869526863098,-0.1871400624513626,2.802596928649634e-45,1.064986832886861e-43,1.401298464324817e-45,0.7188289761543274,0.09819449484348297,-0.1183352842926979,31753,867561,2,3,True,Left,Front,Right,Left,64
<_io.BytesIO object at 0x0000029FC49FB630>,1050666572,-0.10618069022893906,-0.18733979761600494,2.802596928649634e-45,1.064986832886861e-43,1.401298464324817e-45,0.7188289761543274,0.09819449484348297,-0.1183352842926979,31753,867562,2,3,True,Left,Front,Right,Left,64
<_io.BytesIO object at 0x0000029FC4B0EE50>,1050664496,-0.10622411221265793,-0.18751117587089539,2.802596928649634e-45,1.064986832886861e-43,1.401298464324817e-45,0.7188289761543274,0.09819449484348297,-0.1183352842926979,31753,867563,2,3,True,Left,Front,Right,Left,64
<_io.BytesIO object at 0x0000029FC4B315E0>,1050663233,-0.106295645236969,-0.18766893446445465,2.802596928649634e-45,1.064986832886861e-43,1.401298464324817e-45,0.4630955159664154,0.21086017787456512,0.18033508956432343,10372,867564,2,3,True,Left,Front,Right,Left,64
<_io.BytesIO object at 0x0000029FC49F5D60>,1054760145,0.1688893437385559,0.16221027076244354,0.43558359146118164,0.20450392365455627,0.18144971132278442,0.46511662006378174,0.20636463165283203,0.21872131526470184,-11190,867565,2,3,True,Left,Front,Right,Left,64
<_io.BytesIO object at 0x0000029FC49F55E0>,3105111711,14191.4619140625,-3.1209869384765625,-244361610657792.0,-1.1663607597163983e-32,2.0609597164057247e-40,6.979497708007332e-39,9.183549615799121e-41,1009317314560.0,16110,867565,2,3,True,Left,Front,Right,Left,64
<_io.BytesIO object at 0x0000029FC49F59F0>,1045709546,0.17471425235271454,0.6310606002807617,-0.6264336109161377,-0.03728550300002098,-0.45601901412010193,0.0,1.8367099231598242e-40,-3.4331226595218434e-26,16091,867565,2,3,True,Left,Front,Right,Left,64
<_io.BytesIO object at 0x0000029FC49F5040>,1044695800,0.20067034661769867,-0.2864278256893158,-0.4178221523761749,0.49192118644714355,0.7080941796302795,0.0,0.0,0.0,0,867565,2,3,True,Left,Front,Right,Left,64
<_io.BytesIO object at 0x0000029FC49F5A40>,0,0.0,7.006492321624085e-45,1.821688003622262e-43,1.3875657393744339e-41,0.43430188298225403,0.1688893437385559,0.16221027076244354,0.009655561298131943,18,867565,2,3,True,Left,Front,Right,Left,64
<_io.BytesIO object at 0x0000029FC4A4F4A0>,1054689428,0.1697443723678589,0.16533860564231873,0.43314170837402344,0.20527273416519165,0.18446151912212372,0.4631662964820862,0.20741531252861023,0.22173626720905304,-12221,867566,2,3,True,Left,Front,Right,Left,64
<_io.BytesIO object at 0x0000029FC4A4FF40>,3402841759,5.611182220250186e+18,2.519198327224583e-40,6.979497708007332e-39,9.183549615799121e-41,1009317314560.0,117.12290954589844,-3.8391605879720286e+24,-5.400090332705777e-31,16161,867566,2,3,True,Left,Front,Right,Left,64
<_io.BytesIO object at 0x0000029FC4A4F040>,3206569460,-0.03728550300002098,-0.45601901412010193,0.0,1.8367099231598242e-40,-3.4331226595218434e-26,-8134509.5,5.617783782501433e+36,-1.188239523627606e-15,-16750,867566,2,3,True,Left,Front,Right,Left,64
<_io.BytesIO object at 0x0000029FC4A4F360>,3201690825,0.49192118644714355,0.7080941796302795,0.0,0.0,0.0,0.0,0.0,3.6734198463196485e-40,0,867566,2,3,True,Left,Front,Right,Left,64
<_io.BytesIO object at 0x0000029FC4A1CBD0>,1054622717,0.1705295741558075,0.16817067563533783,0.4310852587223053,0.20602473616600037,0.18718071281909943,0.4613986611366272,0.20835481584072113,0.22449909150600433,-10223,867567,2,3,True,Left,Front,Right,Left,64
<_io.BytesIO object at 0x0000029FC4A1CA90>,4116594335,-3.826036450370362e-36,2.519198327224583e-40,6.979497708007332e-39,9.183549615799121e-41,1009317314560.0,117.12290954589844,-3.8391605879720286e+24,-5.400090332705777e-31,16161,867567,2,3,True,Left,Front,Right,Left,64
<_io.BytesIO object at 0x0000029FC4A1C310>,3206569460,-0.03728550300002098,-0.45601901412010193,0.0,1.8367099231598242e-40,-3.4331226595218434e-26,-8134509.5,5.617783782501433e+36,-1.188239523627606e-15,-16750,867567,2,3,True,Left,Front,Right,Left,64
<_io.BytesIO object at 0x0000029FC4A1C630>,3201690825,0.49192118644714355,0.7080941796302795,0.0,0.0,0.0,0.0,0.0,3.6734198463196485e-40,0,867567,2,3,True,Left,Front,Right,Left,64
<_io.BytesIO object at 0x0000029FC4B37450>,1054554884,0.17168478667736053,0.1705269068479538,0.429419606924057,0.20670802891254425,0.18986530601978302,0.31216979026794434,-0.10643263161182404,-0.18805436789989471,2,867568,2,3,True,Left,Front,Right,Left,64
<_io.BytesIO object at 0x0000029FC4B37EA0>,4980736,9.183549615799121e-41,1009317314560.0,117.12290954589844,-3.8391605879720286e+24,-5.400090332705777e-31,2.199977769083863e+18,-8.380250073969364e-05,1.0994099140418391e+36,-16663,867568,2,3,True,Left,Front,Right,Left,64
<_io.BytesIO object at 0x0000029FC4B37810>,0,1.8367099231598242e-40,-3.4331226595218434e-26,-8134509.5,5.617783782501433e+36,-1.188239523627606e-15,-1.9511522607913637e+27,-6.879042959572992e+17,5415.87255859375,16181,867568,2,3,True,Left,Front,Right,Left,64
<_io.BytesIO object at 0x0000029FC4A1C400>,1054493305,0.1727425456047058,0.1727684885263443,0.42778685688972473,0.20778706669807434,0.19193178415298462,0.31217581033706665,-0.10642416775226593,-0.18808023631572723,2,867569,2,3,True,Left,Front,Right,Left,64
<_io.BytesIO object at 0x0000029FC4A1C450>,4980736,9.183549615799121e-41,1009317314560.0,117.12290954589844,-3.8391605879720286e+24,-5.400090332705777e-31,2.199977769083863e+18,-8.380250073969364e-05,1.0994099140418391e+36,-16663,867569,2,3,True,Left,Front,Right,Left,64
<_io.BytesIO object at 0x0000029FC4A1C2C0>,0,1.8367099231598242e-40,-3.4331226595218434e-26,-8134509.5,5.617783782501433e+36,-1.188239523627606e-15,-1.9511522607913637e+27,-6.879042959572992e+17,5415.87255859375,16181,867569,2,3,True,Left,Front,Right,Left,64
<_io.BytesIO object at 0x0000029FC4A4F770>,1054442147,0.17363330721855164,0.17454272508621216,0.4265108108520508,0.20867633819580078,0.19390736520290375,0.31220299005508423,-0.1064397320151329,-0.18810811638832092,2,867570,2,3,True,Left,Front,Right,Left,64
<_io.BytesIO object at 0x0000029FC4A849A0>,4980736,9.183549615799121e-41,1009317314560.0,117.12290954589844,-3.8391605879720286e+24,-5.400090332705777e-31,2.199977769083863e+18,-8.380250073969364e-05,1.0994099140418391e+36,-16663,867570,2,3,True,Left,Front,Right,Left,64
<_io.BytesIO object at 0x0000029FC4A4F860>,0,1.8367099231598242e-40,-3.4331226595218434e-26,-8134509.5,5.617783782501433e+36,-1.188239523627606e-15,-1.9511522607913637e+27,-6.879042959572992e+17,5415.87255859375,16181,867570,2,3,True,Left,Front,Right,Left,64
<_io.BytesIO object at 0x0000029FC4B1D950>,1054466316,0.20968590676784515,0.195580393075943,0.3122326135635376,-0.10642549395561218,-0.18810823559761047,2.802596928649634e-45,1.064986832886861e-43,1.401298464324817e-45,21355,867571,2,3,True,Left,Front,Right,Left,64
<_io.BytesIO object at 0x0000029FC4B1D3B0>,1122647790,-3.8391605879720286e+24,-5.400090332705777e-31,2.199977769083863e+18,-8.380250073969364e-05,1.0994099140418391e+36,6.848565984694678e-41,0.0,2.802596928649634e-45,-27350,867571,2,3,True,Left,Front,Right,Left,64
<_io.BytesIO object at 0x0000029FC49E2540>,1054439476,0.2107858508825302,0.1967763900756836,0.3122742176055908,-0.1064363494515419,-0.18811164796352386,2.802596928649634e-45,1.064986832886861e-43,1.401298464324817e-45,21355,867572,2,3,True,Left,Front,Right,Left,64
<_io.BytesIO object at 0x0000029FC49E2E00>,1122647790,-3.8391605879720286e+24,-5.400090332705777e-31,2.199977769083863e+18,-8.380250073969364e-05,1.0994099140418391e+36,6.848565984694678e-41,0.0,2.802596928649634e-45,-27350,867572,2,3,True,Left,Front,Right,Left,64
<_io.BytesIO object at 0x0000029FC4B1D360>,1054422640,0.2118668556213379,0.19771569967269897,0.31234005093574524,-0.10647519677877426,-0.18810224533081055,2.802596928649634e-45,1.064986832886861e-43,1.401298464324817e-45,21355,867573,2,3,True,Left,Front,Right,Left,64
<_io.BytesIO object at 0x0000029FC4B1D860>,1122647790,-3.8391605879720286e+24,-5.400090332705777e-31,2.199977769083863e+18,-8.380250073969364e-05,1.0994099140418391e+36,6.848565984694678e-41,0.0,2.802596928649634e-45,-27350,867573,2,3,True,Left,Front,Right,Left,64
<_io.BytesIO object at 0x0000029FC4A4F040>,1054407864,0.21304431557655334,0.1983390897512436,0.3124080300331116,-0.10650931298732758,-0.18808513879776,0.4143817722797394,0.22088579833507538,0.2763521373271942,2,867574,2,3,True,Left,Front,Right,Left,64
<_io.BytesIO object at 0x0000029FC4A4FEA0>,4980736,9.183549615799121e-41,1009317314560.0,117.12290954589844,-3.8391605879720286e+24,-5.400090332705777e-31,2.199977769083863e+18,-8.380250073969364e-05,1.0994099140418391e+36,-16663,867574,2,3,True,Left,Front,Right,Left,64
<_io.BytesIO object at 0x0000029FC4A84540>,0,1.8367099231598242e-40,-3.4331226595218434e-26,-8134509.5,5.617783782501433e+36,-1.188239523627606e-15,-1.9511522607913637e+27,-6.879042959572992e+17,5415.87255859375,16181,867574,2,3,True,Left,Front,Right,Left,64
<_io.BytesIO object at 0x0000029FC4A1CCC0>,1054404191,0.21414202451705933,0.19868157804012299,0.312465101480484,-0.10657374560832977,-0.18809008598327637,0.41397640109062195,0.22132009267807007,0.2765173017978668,2,867575,2,3,True,Left,Front,Right,Left,64
<_io.BytesIO object at 0x0000029FC4A1CC20>,4980736,9.183549615799121e-41,1009317314560.0,117.12290954589844,-3.8391605879720286e+24,-5.400090332705777e-31,2.199977769083863e+18,-8.380250073969364e-05,1.0994099140418391e+36,-16663,867575,2,3,True,Left,Front,Right,Left,64
<_io.BytesIO object at 0x0000029FC4A1C3B0>,0,1.8367099231598242e-40,-3.4331226595218434e-26,-8134509.5,5.617783782501433e+36,-1.188239523627606e-15,-1.9511522607913637e+27,-6.879042959572992e+17,5415.87255859375,16181,867575,2,3,True,Left,Front,Right,Left,64
<_io.BytesIO object at 0x0000029FC49FBEA0>,1054407771,0.21530647575855255,0.19886155426502228,0.3124984800815582,-0.10664642602205276,-0.1881127804517746,0.41375675797462463,0.2221900075674057,0.276740163564682,2,867576,2,3,True,Left,Front,Right,Left,64
<_io.BytesIO object at 0x0000029FC49FB770>,4980736,9.183549615799121e-41,1009317314560.0,117.12290954589844,-3.8391605879720286e+24,-5.400090332705777e-31,2.199977769083863e+18,-8.380250073969364e-05,1.0994099140418391e+36,-16663,867576,2,3,True,Left,Front,Right,Left,64
<_io.BytesIO object at 0x0000029FC49FBA90>,0,1.8367099231598242e-40,-3.4331226595218434e-26,-8134509.5,5.617783782501433e+36,-1.188239523627606e-15,-1.9511522607913637e+27,-6.879042959572992e+17,5415.87255859375,16181,867576,2,3,True,Left,Front,Right,Left,64
<_io.BytesIO object at 0x0000029FC4B0EE00>,1054413929,0.2166159451007843,0.19877693057060242,0.3125404119491577,-0.106752909719944,-0.18816685676574707,0.41420531272888184,0.22271032631397247,0.27730849385261536,2,867577,2,3,True,Left,Front,Right,Left,64
<_io.BytesIO object at 0x0000029FC4B0EAE0>,4980736,9.183549615799121e-41,1009317314560.0,117.12290954589844,-3.8391605879720286e+24,-5.400090332705777e-31,2.199977769083863e+18,-8.380250073969364e-05,1.0994099140418391e+36,-16663,867577,2,3,True,Left,Front,Right,Left,64
<_io.BytesIO object at 0x0000029FC4B0EA90>,0,1.8367099231598242e-40,-3.4331226595218434e-26,-8134509.5,5.617783782501433e+36,-1.188239523627606e-15,-1.9511522607913637e+27,-6.879042959572992e+17,5415.87255859375,16181,867577,2,3,True,Left,Front,Right,Left,64
<_io.BytesIO object at 0x0000029FC49FB310>,1054430846,0.21784436702728271,0.1985020786523819,0.31255531311035156,-0.10683022439479828,-0.1882028430700302,0.41532793641090393,0.22376945614814758,0.27805063128471375,2,867578,2,3,True,Left,Front,Right,Left,64
<_io.BytesIO object at 0x0000029FC49FB040>,4980736,9.183549615799121e-41,1009317314560.0,117.12290954589844,-3.8391605879720286e+24,-5.400090332705777e-31,2.199977769083863e+18,-8.380250073969364e-05,1.0994099140418391e+36,-16663,867578,2,3,True,Left,Front,Right,Left,64
<_io.BytesIO object at 0x0000029FC49FB540>,0,1.8367099231598242e-40,-3.4331226595218434e-26,-8134509.5,5.617783782501433e+36,-1.188239523627606e-15,-1.9511522607913637e+27,-6.879042959572992e+17,5415.87255859375,16181,867578,2,3,True,Left,Front,Right,Left,64
<_io.BytesIO object at 0x0000029FC4A1CF90>,1054456857,0.2189144343137741,0.19831997156143188,0.3125428259372711,-0.10693930089473724,-0.18824805319309235,0.416612833738327,0.22504538297653198,0.278378963470459,2,867579,2,3,True,Left,Front,Right,Left,64
<_io.BytesIO object at 0x0000029FC4A1CA40>,4980736,9.183549615799121e-41,1009317314560.0,117.12290954589844,-3.8391605879720286e+24,-5.400090332705777e-31,2.199977769083863e+18,-8.380250073969364e-05,1.0994099140418391e+36,-16663,867579,2,3,True,Left,Front,Right,Left,64
<_io.BytesIO object at 0x0000029FC4A1C7C0>,0,1.8367099231598242e-40,-3.4331226595218434e-26,-8134509.5,5.617783782501433e+36,-1.188239523627606e-15,-1.9511522607913637e+27,-6.879042959572992e+17,5415.87255859375,16181,867579,2,3,True,Left,Front,Right,Left,64
<_io.BytesIO object at 0x0000029FC4A84360>,1054528756,0.221425861120224,0.19786705076694489,0.3124650716781616,-0.10724591463804245,-0.1883816123008728,0.41824644804000854,0.22725781798362732,0.2779010236263275,2,867581,2,3,True,Left,Front,Right,Left,64
<_io.BytesIO object at 0x0000029FC4A84270>,4980736,9.183549615799121e-41,1009317314560.0,117.12290954589844,-3.8391605879720286e+24,-5.400090332705777e-31,2.199977769083863e+18,-8.380250073969364e-05,1.0994099140418391e+36,-16663,867581,2,3,True,Left,Front,Right,Left,64
<_io.BytesIO object at 0x0000029FC4A84F40>,0,1.8367099231598242e-40,-3.4331226595218434e-26,-8134509.5,5.617783782501433e+36,-1.188239523627606e-15,-1.9511522607913637e+27,-6.879042959572992e+17,5415.87255859375,16181,867581,2,3,True,Left,Front,Right,Left,64
<_io.BytesIO object at 0x0000029FC49F58B0>,1054573792,0.2226385623216629,0.19763661921024323,0.3124271035194397,-0.10749176889657974,-0.18843969702720642,0.4190700650215149,0.22824282944202423,0.2776586711406708,2,867582,2,3,True,Left,Front,Right,Left,64
<_io.BytesIO object at 0x0000029FC49F5860>,4980736,9.183549615799121e-41,1009317314560.0,117.12290954589844,-3.8391605879720286e+24,-5.400090332705777e-31,2.199977769083863e+18,-8.380250073969364e-05,1.0994099140418391e+36,-16663,867582,2,3,True,Left,Front,Right,Left,64
<_io.BytesIO object at 0x0000029FC49F5E00>,0,1.8367099231598242e-40,-3.4331226595218434e-26,-8134509.5,5.617783782501433e+36,-1.188239523627606e-15,-1.9511522607913637e+27,-6.879042959572992e+17,5415.87255859375,16181,867582,2,3,True,Left,Front,Right,Left,64
<_io.BytesIO object at 0x0000029FC1C48B30>,1054626948,0.22403846681118011,0.1974681317806244,0.3123195469379425,-0.10770842432975769,-0.18848371505737305,0.4201594293117523,0.22949707508087158,0.27750521898269653,2,867583,2,3,True,Left,Front,Right,Left,64
<_io.BytesIO object at 0x0000029FC1C48770>,4980736,9.183549615799121e-41,1009317314560.0,117.12290954589844,-3.8391605879720286e+24,-5.400090332705777e-31,2.199977769083863e+18,-8.380250073969364e-05,1.0994099140418391e+36,-16663,867583,2,3,True,Left,Front,Right,Left,64
<_io.BytesIO object at 0x0000029FC1C48D10>,0,1.8367099231598242e-40,-3.4331226595218434e-26,-8134509.5,5.617783782501433e+36,-1.188239523627606e-15,-1.9511522607913637e+27,-6.879042959572992e+17,5415.87255859375,16181,867583,2,3,True,Left,Front,Right,Left,64
<_io.BytesIO object at 0x0000029FBD055180>,1054684229,0.22555863857269287,0.19753043353557587,0.31219062209129333,-0.10789977759122849,-0.18851591646671295,0.4195803999900818,0.2323850840330124,0.2761480212211609,2,867584,2,3,True,Left,Front,Right,Left,64
<_io.BytesIO object at 0x0000029FBD055720>,4980736,9.183549615799121e-41,1009317314560.0,117.12290954589844,-3.8391605879720286e+24,-5.400090332705777e-31,2.199977769083863e+18,-8.380250073969364e-05,1.0994099140418391e+36,-16663,867584,2,3,True,Left,Front,Right,Left,64
<_io.BytesIO object at 0x0000029FC4A1CF40>,0,1.8367099231598242e-40,-3.4331226595218434e-26,-8134509.5,5.617783782501433e+36,-1.188239523627606e-15,-1.9511522607913637e+27,-6.879042959572992e+17,5415.87255859375,16181,867584,2,3,True,Left,Front,Right,Left,64
<_io.BytesIO object at 0x0000029FC4B2ED60>,1054749876,0.22721163928508759,0.19755035638809204,0.3120343089103699,-0.1081026941537857,-0.18852384388446808,0.42147183418273926,0.23371367156505585,0.2763358950614929,2,867585,2,3,True,Left,Front,Right,Left,64
<_io.BytesIO object at 0x0000029FC4B2EC70>,4980736,9.183549615799121e-41,1009317314560.0,117.12290954589844,-3.8391605879720286e+24,-5.400090332705777e-31,2.199977769083863e+18,-8.380250073969364e-05,1.0994099140418391e+36,-16663,867585,2,3,True,Left,Front,Right,Left,64
<_io.BytesIO object at 0x0000029FC49FBB30>,0,1.8367099231598242e-40,-3.4331226595218434e-26,-8134509.5,5.617783782501433e+36,-1.188239523627606e-15,-1.9511522607913637e+27,-6.879042959572992e+17,5415.87255859375,16181,867585,2,3,True,Left,Front,Right,Left,64
<_io.BytesIO object at 0x0000029FC4B31B80>,1054820825,0.22884254157543182,0.1978304386138916,0.31186556816101074,-0.10831518471240997,-0.18850143253803253,0.42358776926994324,0.23517228662967682,0.2766900062561035,2,867586,2,3,True,Left,Front,Right,Left,64
<_io.BytesIO object at 0x0000029FC4B31D60>,4980736,9.183549615799121e-41,1009317314560.0,117.12290954589844,-3.8391605879720286e+24,-5.400090332705777e-31,2.199977769083863e+18,-8.380250073969364e-05,1.0994099140418391e+36,-16663,867586,2,3,True,Left,Front,Right,Left,64
<_io.BytesIO object at 0x0000029FC4A4F0E0>,0,1.8367099231598242e-40,-3.4331226595218434e-26,-8134509.5,5.617783782501433e+36,-1.188239523627606e-15,-1.9511522607913637e+27,-6.879042959572992e+17,5415.87255859375,16181,867586,2,3,True,Left,Front,Right,Left,64
<_io.BytesIO object at 0x0000029FC49E2900>,1054901906,0.23064525425434113,0.1981026530265808,0.3116755187511444,-0.1085008978843689,-0.188400000333786,0.4257635176181793,0.23730647563934326,0.27665019035339355,2,867587,2,3,True,Left,Front,Right,Left,64
<_io.BytesIO object at 0x0000029FC49E2CC0>,4980736,9.183549615799121e-41,1009317314560.0,117.12290954589844,-3.8391605879720286e+24,-5.400090332705777e-31,2.199977769083863e+18,-8.380250073969364e-05,1.0994099140418391e+36,-16663,867587,2,3,True,Left,Front,Right,Left,64
<_io.BytesIO object at 0x0000029FC49E2B30>,0,1.8367099231598242e-40,-3.4331226595218434e-26,-8134509.5,5.617783782501433e+36,-1.188239523627606e-15,-1.9511522607913637e+27,-6.879042959572992e+17,5415.87255859375,16181,867587,2,3,True,Left,Front,Right,Left,64
<_io.BytesIO object at 0x0000029FC4B31630>,1054991509,0.23245728015899658,0.19870878756046295,0.31151220202445984,-0.10868852585554123,-0.18828709423542023,0.42877963185310364,0.2385587990283966,0.2773328125476837,2,867588,2,3,True,Left,Front,Right,Left,64
<_io.BytesIO object at 0x0000029FC4B31590>,4980736,9.183549615799121e-41,1009317314560.0,117.12290954589844,-3.8391605879720286e+24,-5.400090332705777e-31,2.199977769083863e+18,-8.380250073969364e-05,1.0994099140418391e+36,-16663,867588,2,3,True,Left,Front,Right,Left,64
<_io.BytesIO object at 0x0000029FC4B317C0>,0,1.8367099231598242e-40,-3.4331226595218434e-26,-8134509.5,5.617783782501433e+36,-1.188239523627606e-15,-1.9511522607913637e+27,-6.879042959572992e+17,5415.87255859375,16181,867588,2,3,True,Left,Front,Right,Left,64
<_io.BytesIO object at 0x0000029FC4B2E310>,1055084835,0.2342941164970398,0.1993834525346756,0.3113245368003845,-0.10891102999448776,-0.18814103305339813,0.43239372968673706,0.2403869777917862,0.27816763520240784,2,867589,2,3,True,Left,Front,Right,Left,64
<_io.BytesIO object at 0x0000029FC4B2EDB0>,4980736,9.183549615799121e-41,1009317314560.0,117.12290954589844,-3.8391605879720286e+24,-5.400090332705777e-31,2.199977769083863e+18,-8.380250073969364e-05,1.0994099140418391e+36,-16663,867589,2,3,True,Left,Front,Right,Left,64
<_io.BytesIO object at 0x0000029FC4B2EE00>,0,1.8367099231598242e-40,-3.4331226595218434e-26,-8134509.5,5.617783782501433e+36,-1.188239523627606e-15,-1.9511522607913637e+27,-6.879042959572992e+17,5415.87255859375,16181,867589,2,3,True,Left,Front,Right,Left,64
<_io.BytesIO object at 0x0000029FC1C50540>,1055189863,0.23599857091903687,0.20009326934814453,0.31113186478614807,-0.10910828411579132,-0.18796348571777344,0.4362674653530121,0.24182388186454773,0.2792547047138214,2,867590,2,3,True,Left,Front,Right,Left,64
<_io.BytesIO object at 0x0000029FC1C50B80>,4980736,9.183549615799121e-41,1009317314560.0,117.12290954589844,-3.8391605879720286e+24,-5.400090332705777e-31,2.199977769083863e+18,-8.380250073969364e-05,1.0994099140418391e+36,-16663,867590,2,3,True,Left,Front,Right,Left,64
<_io.BytesIO object at 0x0000029FC1C509A0>,0,1.8367099231598242e-40,-3.4331226595218434e-26,-8134509.5,5.617783782501433e+36,-1.188239523627606e-15,-1.9511522607913637e+27,-6.879042959572992e+17,5415.87255859375,16181,867590,2,3,True,Left,Front,Right,Left,64
<_io.BytesIO object at 0x0000029FC4B1D810>,1055302834,0.23775222897529602,0.20104126632213593,0.31093958020210266,-0.10926096141338348,-0.18775199353694916,0.43984878063201904,0.2430216372013092,0.2804858386516571,2,867591,2,3,True,Left,Front,Right,Left,64
<_io.BytesIO object at 0x0000029FC4B1D720>,4980736,9.183549615799121e-41,1009317314560.0,117.12290954589844,-3.8391605879720286e+24,-5.400090332705777e-31,2.199977769083863e+18,-8.380250073969364e-05,1.0994099140418391e+36,-16663,867591,2,3,True,Left,Front,Right,Left,64
<_io.BytesIO object at 0x0000029FC4B1D130>,0,1.8367099231598242e-40,-3.4331226595218434e-26,-8134509.5,5.617783782501433e+36,-1.188239523627606e-15,-1.9511522607913637e+27,-6.879042959572992e+17,5415.87255859375,16181,867591,2,3,True,Left,Front,Right,Left,64
<_io.BytesIO object at 0x0000029FC1C50630>,1055424668,0.23942159116268158,0.20227369666099548,0.31072065234184265,-0.10938891023397446,-0.18752150237560272,0.4442466199398041,0.24467691779136658,0.28177952766418457,2,867592,2,3,True,Left,Front,Right,Left,64
<_io.BytesIO object at 0x0000029FC1C507C0>,4980736,9.183549615799121e-41,1009317314560.0,117.12290954589844,-3.8391605879720286e+24,-5.400090332705777e-31,2.199977769083863e+18,-8.380250073969364e-05,1.0994099140418391e+36,-16663,867592,2,3,True,Left,Front,Right,Left,64
<_io.BytesIO object at 0x0000029FC1C506D0>,0,1.8367099231598242e-40,-3.4331226595218434e-26,-8134509.5,5.617783782501433e+36,-1.188239523627606e-15,-1.9511522607913637e+27,-6.879042959572992e+17,5415.87255859375,16181,867592,2,3,True,Left,Front,Right,Left,64
<_io.BytesIO object at 0x0000029FC49D9630>,1055547595,0.24123604595661163,0.2035081684589386,0.3105196952819824,-0.10951216518878937,-0.18728366494178772,0.4488378167152405,0.24577459692955017,0.2831571698188782,-27920,867593,2,3,True,Left,Front,Right,Left,64
<_io.BytesIO object at 0x0000029FC49D9180>,609304261,2330527.25,2.0604832749278543e-40,6.979497708007332e-39,9.183549615799121e-41,1009317314560.0,117.12290954589844,-3.8391605879720286e+24,-5.400090332705777e-31,16161,867593,2,3,True,Left,Front,Right,Left,64
<_io.BytesIO object at 0x0000029FC49D9220>,3206569460,-0.03728550300002098,-0.45601901412010193,0.0,1.8367099231598242e-40,-3.4331226595218434e-26,-8134509.5,5.617783782501433e+36,-1.188239523627606e-15,-16750,867593,2,3,True,Left,Front,Right,Left,64
<_io.BytesIO object at 0x0000029FC49D9D60>,3201690825,0.49192118644714355,0.7080941796302795,0.0,0.0,0.0,0.0,0.0,3.6734198463196485e-40,0,867593,2,3,True,Left,Front,Right,Left,64
<_io.BytesIO object at 0x0000029FC4B37540>,1055682931,0.24279999732971191,0.20512542128562927,0.31025129556655884,-0.10953976213932037,-0.1869305670261383,0.45301389694213867,0.24755655229091644,0.28469669818878174,3785,867594,2,3,True,Left,Front,Right,Left,64
<_io.BytesIO object at 0x0000029FC4B37D60>,708591304,4.028068217653741e+24,2.0604972879124975e-40,6.979497708007332e-39,9.183549615799121e-41,1009317314560.0,117.12290954589844,-3.8391605879720286e+24,-5.400090332705777e-31,16161,867594,2,3,True,Left,Front,Right,Left,64
<_io.BytesIO object at 0x0000029FC4B313B0>,3206569460,-0.03728550300002098,-0.45601901412010193,0.0,1.8367099231598242e-40,-3.4331226595218434e-26,-8134509.5,5.617783782501433e+36,-1.188239523627606e-15,-16750,867594,2,3,True,Left,Front,Right,Left,64
<_io.BytesIO object at 0x0000029FC4B37810>,3201690825,0.49192118644714355,0.7080941796302795,0.0,0.0,0.0,0.0,0.0,3.6734198463196485e-40,0,867594,2,3,True,Left,Front,Right,Left,64
<_io.BytesIO object at 0x0000029FC4B1D400>,1055823524,0.24384252727031708,0.20676901936531067,0.31012725830078125,-0.10977177321910858,-0.18665993213653564,0.4567665159702301,0.24966461956501007,0.2868489921092987,31130,867595,2,3,True,Left,Front,Right,Left,64
<_io.BytesIO object at 0x0000029FC4B1D360>,2130394826,-6.042514894598765e+28,2.060525313881784e-40,6.979497708007332e-39,9.183549615799121e-41,1009317314560.0,117.12290954589844,-3.8391605879720286e+24,-5.400090332705777e-31,16161,867595,2,3,True,Left,Front,Right,Left,64
<_io.BytesIO object at 0x0000029FC4B1DB30>,3206569460,-0.03728550300002098,-0.45601901412010193,0.0,1.8367099231598242e-40,-3.4331226595218434e-26,-8134509.5,5.617783782501433e+36,-1.188239523627606e-15,-16750,867595,2,3,True,Left,Front,Right,Left,64
<_io.BytesIO object at 0x0000029FC4B1D9F0>,3201690825,0.49192118644714355,0.7080941796302795,0.0,0.0,0.0,0.0,0.0,3.6734198463196485e-40,0,867595,2,3,True,Left,Front,Right,Left,64
<_io.BytesIO object at 0x0000029FC49F58B0>,1055966943,0.24520127475261688,0.20869772136211395,0.3099478483200073,-0.10983932763338089,-0.18633119761943817,0.4600500464439392,0.2515091896057129,0.28873223066329956,9020,867596,2,3,True,Left,Front,Right,Left,64
<_io.BytesIO object at 0x0000029FC49F5310>,4254023373,-3.5283472937650733e-15,2.0605673528357138e-40,6.979497708007332e-39,9.183549615799121e-41,1009317314560.0,117.12290954589844,-3.8391605879720286e+24,-5.400090332705777e-31,16161,867596,2,3,True,Left,Front,Right,Left,64
<_io.BytesIO object at 0x0000029FC49F5D60>,3206569460,-0.03728550300002098,-0.45601901412010193,0.0,1.8367099231598242e-40,-3.4331226595218434e-26,-8134509.5,5.617783782501433e+36,-1.188239523627606e-15,-16750,867596,2,3,True,Left,Front,Right,Left,64
<_io.BytesIO object at 0x0000029FC49F55E0>,3201690825,0.49192118644714355,0.7080941796302795,0.0,0.0,0.0,0.0,0.0,3.6734198463196485e-40,0,867596,2,3,True,Left,Front,Right,Left,64
<_io.BytesIO object at 0x0000029FC4A4FEF0>,1056115908,0.2463926374912262,0.21107861399650574,0.3098117411136627,-0.10991542786359787,-0.18600380420684814,0.40653207898139954,0.26600727438926697,0.22932466864585876,2,867597,2,3,True,Left,Front,Right,Left,64
<_io.BytesIO object at 0x0000029FC4A4F590>,4980736,9.183549615799121e-41,1009317314560.0,117.12290954589844,-3.8391605879720286e+24,-5.400090332705777e-31,2.199977769083863e+18,-8.380250073969364e-05,1.0994099140418391e+36,-16663,867597,2,3,True,Left,Front,Right,Left,64
<_io.BytesIO object at 0x0000029FC4A4F220>,0,1.8367099231598242e-40,-3.4331226595218434e-26,-8134509.5,5.617783782501433e+36,-1.188239523627606e-15,-1.9511522607913637e+27,-6.879042959572992e+17,5415.87255859375,16181,867597,2,3,True,Left,Front,Right,Left,64
<_io.BytesIO object at 0x0000029FC49FB7C0>,1056280029,0.24727459251880646,0.21360278129577637,0.30977022647857666,-0.11014330387115479,-0.185652494430542,0.4129672348499298,0.2699505686759949,0.23277296125888824,2,867598,2,3,True,Left,Front,Right,Left,64
<_io.BytesIO object at 0x0000029FC49FBA40>,4980736,9.183549615799121e-41,1009317314560.0,117.12290954589844,-3.8391605879720286e+24,-5.400090332705777e-31,2.199977769083863e+18,-8.380250073969364e-05,1.0994099140418391e+36,-16663,867598,2,3,True,Left,Front,Right,Left,64
<_io.BytesIO object at 0x0000029FC49FBC20>,0,1.8367099231598242e-40,-3.4331226595218434e-26,-8134509.5,5.617783782501433e+36,-1.188239523627606e-15,-1.9511522607913637e+27,-6.879042959572992e+17,5415.87255859375,16181,867598,2,3,True,Left,Front,Right,Left,64
<_io.BytesIO object at 0x0000029FC4A1CCC0>,1056452434,0.2479124665260315,0.21636222302913666,0.30952969193458557,-0.11007584631443024,-0.18521729111671448,0.41971805691719055,0.27345117926597595,0.2368323802947998,2,867599,2,3,True,Left,Front,Right,Left,64
<_io.BytesIO object at 0x0000029FC4A1C180>,4980736,9.183549615799121e-41,1009317314560.0,117.12290954589844,-3.8391605879720286e+24,-5.400090332705777e-31,2.199977769083863e+18,-8.380250073969364e-05,1.0994099140418391e+36,-16663,867599,2,3,True,Left,Front,Right,Left,64
<_io.BytesIO object at 0x0000029FC4A1C220>,0,1.8367099231598242e-40,-3.4331226595218434e-26,-8134509.5,5.617783782501433e+36,-1.188239523627606e-15,-1.9511522607913637e+27,-6.879042959572992e+17,5415.87255859375,16181,867599,2,3,True,Left,Front,Right,Left,64
<_io.BytesIO object at 0x0000029FC4A849F0>,1056631073,0.24803423881530762,0.21906167268753052,0.3094525635242462,-0.10994533449411392,-0.18514811992645264,0.42692166566848755,0.27670976519584656,0.24091027677059174,2,867600,2,3,True,Left,Front,Right,Left,64
<_io.BytesIO object at 0x0000029FC4A84540>,4980736,9.183549615799121e-41,1009317314560.0,117.12290954589844,-3.8391605879720286e+24,-5.400090332705777e-31,2.199977769083863e+18,-8.380250073969364e-05,1.0994099140418391e+36,-16663,867600,2,3,True,Left,Front,Right,Left,64
<_io.BytesIO object at 0x0000029FC4A84770>,0,1.8367099231598242e-40,-3.4331226595218434e-26,-8134509.5,5.617783782501433e+36,-1.188239523627606e-15,-1.9511522607913637e+27,-6.879042959572992e+17,5415.87255859375,16181,867600,2,3,True,Left,Front,Right,Left,64
<_io.BytesIO object at 0x0000029FBD0556D0>,1056809691,0.24732209742069244,0.22200681269168854,0.3093734383583069,-0.10993893444538116,-0.1847936064004898,0.4345471262931824,0.27940648794174194,0.24531720578670502,2,867601,2,3,True,Left,Front,Right,Left,64
<_io.BytesIO object at 0x0000029FBD055900>,4980736,9.183549615799121e-41,1009317314560.0,117.12290954589844,-3.8391605879720286e+24,-5.400090332705777e-31,2.199977769083863e+18,-8.380250073969364e-05,1.0994099140418391e+36,-16663,867601,2,3,True,Left,Front,Right,Left,64
<_io.BytesIO object at 0x0000029FBD0552C0>,0,1.8367099231598242e-40,-3.4331226595218434e-26,-8134509.5,5.617783782501433e+36,-1.188239523627606e-15,-1.9511522607913637e+27,-6.879042959572992e+17,5415.87255859375,16181,867601,2,3,True,Left,Front,Right,Left,64
<_io.BytesIO object at 0x0000029FC4B2E4F0>,1056969158,0.24645622074604034,0.22448837757110596,0.30899932980537415,-0.10954442620277405,-0.18452753126621246,0.4428011178970337,0.281687468290329,0.24989168345928192,-18764,867602,2,3,True,Left,Front,Right,Left,64
<_io.BytesIO object at 0x0000029FC4B2EC20>,2214674160,-1.6934711185609505e-16,2.060189002250346e-40,6.979497708007332e-39,9.183549615799121e-41,1009317314560.0,117.12290954589844,-3.8391605879720286e+24,-5.400090332705777e-31,16161,867602,2,3,True,Left,Front,Right,Left,64
<_io.BytesIO object at 0x0000029FC4B2E450>,3206569460,-0.03728550300002098,-0.45601901412010193,0.0,1.8367099231598242e-40,-3.4331226595218434e-26,-8134509.5,5.617783782501433e+36,-1.188239523627606e-15,-16750,867602,2,3,True,Left,Front,Right,Left,64
<_io.BytesIO object at 0x0000029FC4B2E950>,3201690825,0.49192118644714355,0.7080941796302795,0.0,0.0,0.0,0.0,0.0,3.6734198463196485e-40,0,867602,2,3,True,Left,Front,Right,Left,64
<_io.BytesIO object at 0x0000029FC4B31090>,1057061481,0.24511432647705078,0.22725383937358856,0.30880439281463623,-0.10941573232412338,-0.1842404305934906,0.4514727294445038,0.28339898586273193,0.25463664531707764,13355,867603,2,3,True,Left,Front,Right,Left,64
<_io.BytesIO object at 0x0000029FC4B31860>,215236339,1.7562983726023947e-38,2.060245054188919e-40,6.979497708007332e-39,9.183549615799121e-41,1009317314560.0,117.12290954589844,-3.8391605879720286e+24,-5.400090332705777e-31,16161,867603,2,3,True,Left,Front,Right,Left,64
<_io.BytesIO object at 0x0000029FC4A4F180>,3206569460,-0.03728550300002098,-0.45601901412010193,0.0,1.8367099231598242e-40,-3.4331226595218434e-26,-8134509.5,5.617783782501433e+36,-1.188239523627606e-15,-16750,867603,2,3,True,Left,Front,Right,Left,64
<_io.BytesIO object at 0x0000029FC4A4FB30>,3201690825,0.49192118644714355,0.7080941796302795,0.0,0.0,0.0,0.0,0.0,3.6734198463196485e-40,0,867603,2,3,True,Left,Front,Right,Left,64
<_io.BytesIO object at 0x0000029FC49E25E0>,1057131326,0.24358506500720978,0.23033583164215088,0.308669775724411,-0.10929475724697113,-0.18393437564373016,0.460590660572052,0.2841551601886749,0.2596469223499298,-16643,867604,2,3,True,Left,Front,Right,Left,64
<_io.BytesIO object at 0x0000029FC49E23B0>,320028405,1.8689410254129438e+27,2.0602870931428488e-40,6.979497708007332e-39,9.183549615799121e-41,1009317314560.0,117.12290954589844,-3.8391605879720286e+24,-5.400090332705777e-31,16161,867604,2,3,True,Left,Front,Right,Left,64
<_io.BytesIO object at 0x0000029FC49E2180>,3206569460,-0.03728550300002098,-0.45601901412010193,0.0,1.8367099231598242e-40,-3.4331226595218434e-26,-8134509.5,5.617783782501433e+36,-1.188239523627606e-15,-16750,867604,2,3,True,Left,Front,Right,Left,64
<_io.BytesIO object at 0x0000029FC49E2630>,3201690825,0.49192118644714355,0.7080941796302795,0.0,0.0,0.0,0.0,0.0,3.6734198463196485e-40,0,867604,2,3,True,Left,Front,Right,Left,64
<_io.BytesIO object at 0x0000029FC1C48B80>,1057192944,0.24205763638019562,0.2327575981616974,0.3067326843738556,-0.1075182557106018,-0.18403933942317963,0.47010329365730286,0.2840864658355713,0.2649933397769928,-29134,867605,2,3,True,Left,Front,Right,Left,64
<_io.BytesIO object at 0x0000029FC1C489A0>,3121889016,0.011123289354145527,2.0603431450814218e-40,6.979497708007332e-39,9.183549615799121e-41,1009317314560.0,117.12290954589844,-3.8391605879720286e+24,-5.400090332705777e-31,16161,867605,2,3,True,Left,Front,Right,Left,64
<_io.BytesIO object at 0x0000029FC1C48F40>,3206569460,-0.03728550300002098,-0.45601901412010193,0.0,1.8367099231598242e-40,-3.4331226595218434e-26,-8134509.5,5.617783782501433e+36,-1.188239523627606e-15,-16750,867605,2,3,True,Left,Front,Right,Left,64
<_io.BytesIO object at 0x0000029FC1C48770>,3201690825,0.49192118644714355,0.7080941796302795,0.0,0.0,0.0,0.0,0.0,3.6734198463196485e-40,0,867605,2,3,True,Left,Front,Right,Left,64
<_io.BytesIO object at 0x0000029FC4B1DDB0>,1050476119,-0.10738555341959,-0.183739572763443,0.479580283164978,0.2828191816806793,0.27061012387275696,0.4909537434577942,0.24006608128547668,0.21404238045215607,2,867606,2,3,True,Left,Front,Right,Left,64
<_io.BytesIO object at 0x0000029FC4B1DCC0>,4980736,9.183549615799121e-41,1009317314560.0,117.12290954589844,-3.8391605879720286e+24,-5.400090332705777e-31,2.199977769083863e+18,-8.380250073969364e-05,1.0994099140418391e+36,-16663,867606,2,3,True,Left,Front,Right,Left,64
<_io.BytesIO object at 0x0000029FC4B1D270>,0,1.8367099231598242e-40,-3.4331226595218434e-26,-8134509.5,5.617783782501433e+36,-1.188239523627606e-15,-1.9511522607913637e+27,-6.879042959572992e+17,5415.87255859375,16181,867606,2,3,True,Left,Front,Right,Left,64
<_io.BytesIO object at 0x0000029FC4B37A90>,1050480118,-0.10710929334163666,-0.183498352766037,0.48914986848831177,0.28036558628082275,0.2767033576965332,0.4961734116077423,0.23974132537841797,0.21797873079776764,2,867607,2,3,True,Left,Front,Right,Left,64
<_io.BytesIO object at 0x0000029FC4B37AE0>,4980736,9.183549615799121e-41,1009317314560.0,117.12290954589844,-3.8391605879720286e+24,-5.400090332705777e-31,2.199977769083863e+18,-8.380250073969364e-05,1.0994099140418391e+36,-16663,867607,2,3,True,Left,Front,Right,Left,64
<_io.BytesIO object at 0x0000029FC4B37270>,0,1.8367099231598242e-40,-3.4331226595218434e-26,-8134509.5,5.617783782501433e+36,-1.188239523627606e-15,-1.9511522607913637e+27,-6.879042959572992e+17,5415.87255859375,16181,867607,2,3,True,Left,Front,Right,Left,64
<_io.BytesIO object at 0x0000029FC4A1CB30>,1050478211,-0.10698125511407852,-0.1832273304462433,0.49796298146247864,0.27707353234291077,0.282935231924057,0.5022518634796143,0.2387523353099823,0.2221968173980713,2,867608,2,3,True,Left,Front,Right,Left,64
<_io.BytesIO object at 0x0000029FC4A1C270>,4980736,9.183549615799121e-41,1009317314560.0,117.12290954589844,-3.8391605879720286e+24,-5.400090332705777e-31,2.199977769083863e+18,-8.380250073969364e-05,1.0994099140418391e+36,-16663,867608,2,3,True,Left,Front,Right,Left,64
<_io.BytesIO object at 0x0000029FC4A1CA90>,0,1.8367099231598242e-40,-3.4331226595218434e-26,-8134509.5,5.617783782501433e+36,-1.188239523627606e-15,-1.9511522607913637e+27,-6.879042959572992e+17,5415.87255859375,16181,867608,2,3,True,Left,Front,Right,Left,64
<_io.BytesIO object at 0x0000029FC1C50D60>,1057070146,0.27208322286605835,0.28913357853889465,0.5082410573959351,0.2372342348098755,0.22707463800907135,2.802596928649634e-45,1.064986832886861e-43,1.401298464324817e-45,21355,867609,2,3,True,Left,Front,Right,Left,64
<_io.BytesIO object at 0x0000029FC1C50310>,1122647790,-3.8391605879720286e+24,-5.400090332705777e-31,2.199977769083863e+18,-8.380250073969364e-05,1.0994099140418391e+36,6.848565984694678e-41,0.0,2.802596928649634e-45,-27350,867609,2,3,True,Left,Front,Right,Left,64
<_io.BytesIO object at 0x0000029FC49D9E50>,1057198419,0.2665789723396301,0.295614629983902,0.5133373737335205,0.23458193242549896,0.23223619163036346,2.802596928649634e-45,1.064986832886861e-43,1.401298464324817e-45,21355,867610,2,3,True,Left,Front,Right,Left,64
<_io.BytesIO object at 0x0000029FC49D9E00>,1122647790,-3.8391605879720286e+24,-5.400090332705777e-31,2.199977769083863e+18,-8.380250073969364e-05,1.0994099140418391e+36,6.848565984694678e-41,0.0,2.802596928649634e-45,-27350,867610,2,3,True,Left,Front,Right,Left,64
<_io.BytesIO object at 0x0000029FC49FB2C0>,1057297913,0.26073935627937317,0.3013554513454437,0.5184165835380554,0.23138564825057983,0.23693233728408813,2.802596928649634e-45,1.064986832886861e-43,1.401298464324817e-45,21355,867611,2,3,True,Left,Front,Right,Left,64
<_io.BytesIO object at 0x0000029FC49FB860>,1122647790,-3.8391605879720286e+24,-5.400090332705777e-31,2.199977769083863e+18,-8.380250073969364e-05,1.0994099140418391e+36,6.848565984694678e-41,0.0,2.802596928649634e-45,-27350,867611,2,3,True,Left,Front,Right,Left,64
<_io.BytesIO object at 0x0000029FC4A4F130>,1057380995,0.2551642656326294,0.3062428832054138,0.5225645899772644,0.22792190313339233,0.24073000252246857,0.5271546840667725,0.16440530121326447,0.32911235094070435,2,867612,2,3,True,Left,Front,Right,Left,64
<_io.BytesIO object at 0x0000029FC4A4F220>,4980736,9.183549615799121e-41,1009317314560.0,117.12290954589844,-3.8391605879720286e+24,-5.400090332705777e-31,2.199977769083863e+18,-8.380250073969364e-05,1.0994099140418391e+36,-16663,867612,2,3,True,Left,Front,Right,Left,64
<_io.BytesIO object at 0x0000029FC4A4F1D0>,0,1.8367099231598242e-40,-3.4331226595218434e-26,-8134509.5,5.617783782501433e+36,-1.188239523627606e-15,-1.9511522607913637e+27,-6.879042959572992e+17,5415.87255859375,16181,867612,2,3,True,Left,Front,Right,Left,64
<_io.BytesIO object at 0x0000029FC4B0EBD0>,1057396007,0.22462911903858185,0.24453456699848175,0.5279971957206726,0.15550939738750458,0.33031129837036133,2.802596928649634e-45,1.064986832886861e-43,1.401298464324817e-45,21355,867613,2,3,True,Left,Front,Right,Left,64
<_io.BytesIO object at 0x0000029FC4B0EB30>,1122647790,-3.8391605879720286e+24,-5.400090332705777e-31,2.199977769083863e+18,-8.380250073969364e-05,1.0994099140418391e+36,6.848565984694678e-41,0.0,2.802596928649634e-45,-27350,867613,2,3,True,Left,Front,Right,Left,64
<_io.BytesIO object at 0x0000029FC4A84E50>,1057432390,0.14672110974788666,0.33119720220565796,2.802596928649634e-45,1.064986832886861e-43,1.401298464324817e-45,0.46548017859458923,0.2072865068912506,0.17471425235271454,-29393,867614,2,3,True,Left,Front,Right,Left,64
<_io.BytesIO object at 0x0000029FC4B1DD60>,1057423634,0.1382339894771576,0.3315091133117676,2.802596928649634e-45,1.064986832886861e-43,1.401298464324817e-45,0.46548017859458923,0.2072865068912506,0.17471425235271454,-29393,867615,2,3,True,Left,Front,Right,Left,64
<_io.BytesIO object at 0x0000029FC49FB180>,1057418139,0.12929022312164307,0.3326215147972107,2.802596928649634e-45,1.064986832886861e-43,1.401298464324817e-45,0.46548017859458923,0.2072865068912506,0.17471425235271454,-29393,867616,2,3,True,Left,Front,Right,Left,64
<_io.BytesIO object at 0x0000029FC49D9900>,1057404862,0.12141866981983185,0.3329249322414398,2.802596928649634e-45,1.064986832886861e-43,1.401298464324817e-45,0.46548017859458923,0.2072865068912506,0.17471425235271454,-29393,867617,2,3,True,Left,Front,Right,Left,64
<_io.BytesIO object at 0x0000029FC49F55E0>,1057388343,0.11419399082660675,0.33308178186416626,2.802596928649634e-45,1.064986832886861e-43,1.401298464324817e-45,0.46548017859458923,0.2072865068912506,0.17471425235271454,-29393,867618,2,3,True,Left,Front,Right,Left,64
<_io.BytesIO object at 0x0000029FC4B0E4A0>,1057372708,0.10728297382593155,0.3329448997974396,2.802596928649634e-45,1.064986832886861e-43,1.401298464324817e-45,0.46548017859458923,0.2072865068912506,0.17471425235271454,-29393,867619,2,3,True,Left,Front,Right,Left,64
<_io.BytesIO object at 0x0000029FC4A1CF90>,1057352251,0.10084578394889832,0.3328295350074768,2.802596928649634e-45,1.064986832886861e-43,1.401298464324817e-45,0.46548017859458923,0.2072865068912506,0.17471425235271454,-29393,867620,2,3,True,Left,Front,Right,Left,64
<_io.BytesIO object at 0x0000029FC49FB630>,1057325561,0.09490957111120224,0.33230826258659363,2.802596928649634e-45,1.064986832886861e-43,1.401298464324817e-45,0.46548017859458923,0.2072865068912506,0.17471425235271454,-29393,867621,2,3,True,Left,Front,Right,Left,64
<_io.BytesIO object at 0x0000029FC49E2F90>,1057299242,0.08954428136348724,0.3320295512676239,2.802596928649634e-45,1.064986832886861e-43,1.401298464324817e-45,0.46548017859458923,0.2072865068912506,0.17471425235271454,-29393,867622,2,3,True,Left,Front,Right,Left,64
<_io.BytesIO object at 0x0000029FC4B31680>,1057267345,0.08462178707122803,0.33147549629211426,2.802596928649634e-45,1.064986832886861e-43,1.401298464324817e-45,0.46548017859458923,0.2072865068912506,0.17471425235271454,-29393,867623,2,3,True,Left,Front,Right,Left,64
<_io.BytesIO object at 0x0000029FC4A84680>,1057233624,0.08012759685516357,0.3308667838573456,2.802596928649634e-45,1.064986832886861e-43,1.401298464324817e-45,0.46548017859458923,0.2072865068912506,0.17471425235271454,-29393,867624,2,3,True,Left,Front,Right,Left,64
<_io.BytesIO object at 0x0000029FC4B1D900>,1057198021,0.07587676495313644,0.33026838302612305,2.802596928649634e-45,1.064986832886861e-43,1.401298464324817e-45,0.46548017859458923,0.2072865068912506,0.17471425235271454,-29393,867625,2,3,True,Left,Front,Right,Left,64
<_io.BytesIO object at 0x0000029FC4B2E2C0>,1057163123,0.07201353460550308,0.32972341775894165,2.802596928649634e-45,1.064986832886861e-43,1.401298464324817e-45,0.46548017859458923,0.2072865068912506,0.17471425235271454,-29393,867626,2,3,True,Left,Front,Right,Left,64
<_io.BytesIO object at 0x0000029FBD055720>,1057125791,0.06851503252983093,0.3292642831802368,2.802596928649634e-45,1.064986832886861e-43,1.401298464324817e-45,0.46548017859458923,0.2072865068912506,0.17471425235271454,-29393,867627,2,3,True,Left,Front,Right,Left,64
<_io.BytesIO object at 0x0000029FC49F5950>,1057091920,0.06516236066818237,0.3289971351623535,2.802596928649634e-45,1.064986832886861e-43,1.401298464324817e-45,0.46548017859458923,0.2072865068912506,0.17471425235271454,-29393,867628,2,3,True,Left,Front,Right,Left,64
<_io.BytesIO object at 0x0000029FC1C50EA0>,1057056846,0.06209610775113106,0.3286742866039276,2.802596928649634e-45,1.064986832886861e-43,1.401298464324817e-45,0.46548017859458923,0.2072865068912506,0.17471425235271454,-29393,867629,2,3,True,Left,Front,Right,Left,64
<_io.BytesIO object at 0x0000029FC4A1CDB0>,1057024473,0.05926184728741646,0.32840681076049805,2.802596928649634e-45,1.064986832886861e-43,1.401298464324817e-45,0.46548017859458923,0.2072865068912506,0.17471425235271454,-29393,867630,2,3,True,Left,Front,Right,Left,64
<_io.BytesIO object at 0x0000029FC4A4FB80>,1056993676,0.05643283575773239,0.32846176624298096,2.802596928649634e-45,1.064986832886861e-43,1.401298464324817e-45,0.46548017859458923,0.2072865068912506,0.17471425235271454,-29393,867631,2,3,True,Left,Front,Right,Left,64
<_io.BytesIO object at 0x0000029FC1C48F40>,1056963774,0.053944069892168045,0.3283097445964813,2.802596928649634e-45,1.064986832886861e-43,1.401298464324817e-45,0.46548017859458923,0.2072865068912506,0.17471425235271454,-29393,867632,2,3,True,Left,Front,Right,Left,64
<_io.BytesIO object at 0x0000029FC4B378B0>,1056908747,0.051621660590171814,0.3282792568206787,2.802596928649634e-45,1.064986832886861e-43,1.401298464324817e-45,0.46548017859458923,0.2072865068912506,0.17471425235271454,-29393,867633,2,3,True,Left,Front,Right,Left,64
<_io.BytesIO object at 0x0000029FC1C48810>,1056850344,0.04944184049963951,0.3282323479652405,2.802596928649634e-45,1.064986832886861e-43,1.401298464324817e-45,0.46548017859458923,0.2072865068912506,0.17471425235271454,-29393,867634,2,3,True,Left,Front,Right,Left,64
<_io.BytesIO object at 0x0000029FC4A4FC20>,1056796054,0.04753634333610535,0.32832854986190796,2.802596928649634e-45,1.064986832886861e-43,1.401298464324817e-45,0.46548017859458923,0.2072865068912506,0.17471425235271454,-29393,867635,2,3,True,Left,Front,Right,Left,64
<_io.BytesIO object at 0x0000029FBD055720>,1056742982,0.045931778848171234,0.32827451825141907,2.802596928649634e-45,1.064986832886861e-43,1.401298464324817e-45,0.46548017859458923,0.2072865068912506,0.17471425235271454,-29393,867636,2,3,True,Left,Front,Right,Left,64
<_io.BytesIO object at 0x0000029FC1C50EA0>,1056695505,0.0444384403526783,0.32838597893714905,2.802596928649634e-45,1.064986832886861e-43,1.401298464324817e-45,0.46548017859458923,0.2072865068912506,0.17471425235271454,-29393,867637,2,3,True,Left,Front,Right,Left,64
<_io.BytesIO object at 0x0000029FC4B37B30>,1056650204,0.043327510356903076,0.3283465802669525,2.802596928649634e-45,1.064986832886861e-43,1.401298464324817e-45,0.46548017859458923,0.2072865068912506,0.17471425235271454,-29393,867638,2,3,True,Left,Front,Right,Left,64
<_io.BytesIO object at 0x0000029FC49FBC70>,1056608466,0.04239264130592346,0.3285090923309326,2.802596928649634e-45,1.064986832886861e-43,1.401298464324817e-45,0.46548017859458923,0.2072865068912506,0.17471425235271454,-29393,867639,2,3,True,Left,Front,Right,Left,64
<_io.BytesIO object at 0x0000029FC4A1CBD0>,1056569060,0.04173848405480385,0.32872647047042847,2.802596928649634e-45,1.064986832886861e-43,1.401298464324817e-45,0.46548017859458923,0.2072865068912506,0.17471425235271454,-29393,867640,2,3,True,Left,Front,Right,Left,64
<_io.BytesIO object at 0x0000029FC4B1DD10>,1056526268,0.04131589084863663,0.3288475275039673,2.802596928649634e-45,1.064986832886861e-43,1.401298464324817e-45,0.46548017859458923,0.2072865068912506,0.17471425235271454,-29393,867641,2,3,True,Left,Front,Right,Left,64
<_io.BytesIO object at 0x0000029FC4A84900>,1056489539,0.04132216051220894,0.32914429903030396,2.802596928649634e-45,1.064986832886861e-43,1.401298464324817e-45,0.46548017859458923,0.2072865068912506,0.17471425235271454,-29393,867642,2,3,True,Left,Front,Right,Left,64
<_io.BytesIO object at 0x0000029FC4B35180>,1056452793,0.04135585576295853,0.32953351736068726,2.802596928649634e-45,1.064986832886861e-43,1.401298464324817e-45,0.46548017859458923,0.2072865068912506,0.17471425235271454,-29393,867643,2,3,True,Left,Front,Right,Left,64
<_io.BytesIO object at 0x0000029FC1C484A0>,1056433469,0.041870273649692535,0.3300015926361084,2.802596928649634e-45,1.064986832886861e-43,1.401298464324817e-45,0.46548017859458923,0.2072865068912506,0.17471425235271454,-29393,867644,2,3,True,Left,Front,Right,Left,64
<_io.BytesIO object at 0x0000029FC4B2E400>,1056412174,0.04241039231419563,0.3305796682834625,2.802596928649634e-45,1.064986832886861e-43,1.401298464324817e-45,0.46548017859458923,0.2072865068912506,0.17471425235271454,-29393,867645,2,3,True,Left,Front,Right,Left,64
<_io.BytesIO object at 0x0000029FC4A1C270>,1056383402,0.04324125498533249,0.33105355501174927,2.802596928649634e-45,1.064986832886861e-43,1.401298464324817e-45,0.46548017859458923,0.2072865068912506,0.17471425235271454,-29393,867646,2,3,True,Left,Front,Right,Left,64
<_io.BytesIO object at 0x0000029FC1C50770>,1056347037,0.04419051483273506,0.3316498398780823,2.802596928649634e-45,1.064986832886861e-43,1.401298464324817e-45,0.46548017859458923,0.2072865068912506,0.17471425235271454,-29393,867647,2,3,True,Left,Front,Right,Left,64
<_io.BytesIO object at 0x0000029FC1C50EF0>,1056308857,0.04527194797992706,0.3322976231575012,2.802596928649634e-45,1.064986832886861e-43,1.401298464324817e-45,0.46548017859458923,0.2072865068912506,0.17471425235271454,-29393,867648,2,3,True,Left,Front,Right,Left,64
<_io.BytesIO object at 0x0000029FC4A1C6D0>,1056262016,0.04640932381153107,0.3327428996562958,2.802596928649634e-45,1.064986832886861e-43,1.401298464324817e-45,0.46548017859458923,0.2072865068912506,0.17471425235271454,-29393,867649,2,3,True,Left,Front,Right,Left,64
<_io.BytesIO object at 0x0000029FC4B2E860>,1056221327,0.04785766080021858,0.3337491750717163,2.802596928649634e-45,1.064986832886861e-43,1.401298464324817e-45,0.46548017859458923,0.2072865068912506,0.17471425235271454,-29393,867650,2,3,True,Left,Front,Right,Left,64
<_io.BytesIO object at 0x0000029FC1C489A0>,1056181639,0.04926465451717377,0.3346206247806549,2.802596928649634e-45,1.064986832886861e-43,1.401298464324817e-45,0.46548017859458923,0.2072865068912506,0.17471425235271454,-29393,867651,2,3,True,Left,Front,Right,Left,64
<_io.BytesIO object at 0x0000029FC49F59F0>,1050374911,-0.10242081433534622,-0.18698006868362427,2.802596928649634e-45,1.064986832886861e-43,1.401298464324817e-45,0.46548017859458923,0.2072865068912506,0.17471425235271454,-29393,867664,2,3,True,Left,Front,Right,Left,64
<_io.BytesIO object at 0x0000029FC1C484A0>,1050367454,-0.1021551713347435,-0.1868794560432434,2.802596928649634e-45,1.064986832886861e-43,1.401298464324817e-45,0.46548017859458923,0.2072865068912506,0.17471425235271454,-29393,867665,2,3,True,Left,Front,Right,Left,64
